Name,Official Name,Company Number,Jurisdiction,Previous Names,SIC code,Incorporation Date,Company Type,Street,Postal,Locality,Region,Latitude,Longitude,Phone,Mobile,Fax,Website,Email,Products,Service,Keyword,Brands,Service Areas,Contact Person,Contact Phone,Facilities,Breadcrumbs,Payment Methods,Social Media,Categories,Thursday,Friday,Saturday,Sunday,Monday,Tuesday,Wednesday,URL, All Categories
WHEELIE SERIOUS LTD,WHEELIE SERIOUS LTD,10559975,England/Wales,NA,33170 - Repair and maintenance of other transport equipment n.e.c.,12 Jan 2017,NA,16 Yaverland Drive,GU19 5DX,Bagshot ,Surrey England,51.358242,-0.699134,07980 658749,NA,NA,www.wheelieserious.co.uk,NA,NA,NA,NA,NA,NA,NA,NA,NA,NA,,NA,NA,11:30 - 21:30,11:30 - 21:30,09:00 - 21:30,Closed,11:30 - 21:30,11:30 - 21:30,11:30 - 21:30,https://bagshot.cylex-uk.co.uk/company/wheelie-serious-ltd-25989070.html,
Dolwen Farms Ltd,DOLWEN FARMS LTD,06755741,England/Wales,NA,1420 - Raising of other cattle and buffaloes,24 Nov 2008,Private Limited Company,DOLWEN ,SY21 0JJ,Llanerfyl ,Powys Wales,52.647710,-3.532847,NA,NA,NA,,NA,NA,NA,"Livestock Farming, Sheep Farming, Mining Services, Animal Production, Quarrying Services, Goat Farming",NA,NA,NA,NA,NA,NA,,NA,NA,NA,NA,NA,NA,NA,NA,NA,https://llanerfyl.cylex-uk.co.uk/company/dolwen-farms-ltd-21269369.html,"Agriculture & Forestry Llanerfyl,Livestock Services Llanerfyl,Livestock & Animal Production Llanerfyl,Agriculture & Forestry,Livestock Services,Livestock & Animal Production,Industry & Manufacturing,Mining Services,Quarrying & Mining"
The Ascot Group,NA,NA,NA,NA,NA,NA,NA,43 Yaverland Dr ,GU19 5DX,Bagshot ,Surrey England,51.358281,-0.699263,07914 954094,NA,NA,,NA,NA,NA,NA,NA,NA,NA,NA,NA,NA,,NA,NA,09:00 - 17:00,09:00 - 17:00,Closed,Closed,09:00 - 17:00,09:00 - 17:00,09:00 - 17:00,https://bagshot.cylex-uk.co.uk/company/the-ascot-group-26626908.html,
Stevens Heating,NA,NA,NA,NA,NA,NA,NA,29 Yaverland Dr ,GU19 5DX,Bagshot ,Surrey England,51.358200,-0.698221,07850 741221,NA,NA,,NA,NA,NA,NA,NA,NA,NA,NA,NA,NA,,NA,NA,NA,NA,NA,NA,NA,NA,NA,https://bagshot.cylex-uk.co.uk/company/stevens-heating-26871393.html,
Stud Farm Gallery-Framing,NA,NA,NA,NA,NA,NA,NA,UPPER YELD ROAD ,DE45 1JB,Bakewell ,Derbyshire England,53.207245,-1.680048,01629 814610,NA,NA,,NA,"Greeting Cards, Pictures, Glassware, Ceramics, Fine Art",NA,"Photo Framing, Picture Services, Picture and Photo Framing Services, Print, Gallery, Orginals",NA,NA,NA,NA,NA,NA,,NA,NA,NA,NA,NA,NA,NA,NA,NA,https://bakewell.cylex-uk.co.uk/company/stud-farm-gallery-framing-15805931.html,"Arts, Entertainment & Nightlife Bakewell,Arts & Crafts Bakewell,Picture Framing Services Bakewell,Arts, Entertainment & Nightlife,Arts & Crafts,Picture Framing Services"
Swangrove Estates Limited,SWANGROVE ESTATES LIMITED,00662926,England/Wales,NA,01500 - Mixed farming,22 Jun 1960,Private Limited Company,THE ESTATE OFFICE ,GL9 1DD,Badminton ,Gloucestershire England,51.543223,-2.282853,07799 648929,NA,NA,,NA,NA,NA,"Mixed Farming, Farming",NA,NA,NA,NA,NA,NA,,NA,NA,NA,NA,NA,NA,NA,NA,NA,https://badminton.cylex-uk.co.uk/company/swangrove-estates-limited-22875105.html,"Agriculture & Forestry Badminton,Farming Badminton,Farms Badminton,Agriculture & Forestry,Farming,Farms"
Bacup Health Centre,NA,NA,NA,NA,NA,NA,NA,1 YORKSHIRE STREET,OL13 9AL,Bacup ,Lancashire England,53.703671,-2.200172,01706 708200,01706 708234,NA,,NA,NA,NA,NHS,NA,NA,NA,NA,NA,NA,,NA,"Hospitals and Medical Establishments, Clinic, NHS Clinics",NA,NA,NA,NA,NA,NA,NA,https://bacup.cylex-uk.co.uk/company/bacup-health-centre-13692017.html,"Health & Medicine Bacup,Medical Facilities Bacup,Clinics & Medical Centres Bacup,Health & Medicine,Medical Facilities,Clinics & Medical Centres"
Swangrove Holdings Limited,SWANGROVE HOLDINGS LIMITED,00747748,England/Wales,NA,70100 - Activities of head offices,23 Jan 1963,Private Limited Company,THE ESTATE OFFICE ,GL9 1DD,Badminton ,Gloucestershire England,51.543223,-2.282853,NA,NA,NA,,NA,NA,NA,"Consultancy, Head Office, Corporate Head Office Management",NA,NA,NA,NA,NA,NA,,NA,NA,NA,NA,NA,NA,NA,NA,NA,https://badminton.cylex-uk.co.uk/company/swangrove-holdings-limited-22875106.html,"Business & Professional Services Badminton,Business Consultants Badminton,Business & Management Consultants Badminton,Business & Professional Services,Business Consultants,Business & Management Consultants"
G Fearn Spa & Pool Services,NA,NA,NA,NA,NA,NA,NA,"HILLCREST, UPPER YELD RD ",DE45 1JB,Bakewell ,Derbyshire England,53.207245,-1.680048,01629 812410,01629 812414,NA,,NA,NA,NA,"Swimming Pool Contractors, Repairers Service",NA,NA,NA,NA,NA,NA,,NA,NA,NA,NA,NA,NA,NA,NA,NA,https://bakewell.cylex-uk.co.uk/company/g-fearn-spa---pool-services-14371495.html,"Construction & Contractors Bakewell,Swimming Pool Contractors Bakewell,Construction & Contractors,Swimming Pool Contractors"
Rafel Holiday Cottage,NA,NA,NA,NA,NA,NA,NA,RAFEL ,LL23 7YU,Parc ,Gwynedd Wales,52.894802,-3.657329,01678 540369,NA,NA,,NA,NA,NA,"Accommodation, Guest House",NA,NA,NA,NA,NA,NA,,NA,NA,NA,NA,NA,NA,NA,NA,NA,https://parc.cylex-uk.co.uk/company/rafel-holiday-cottage-13908790.html,"Travel & Tourism Parc,Accommodation Parc,Hotels Parc,Travel & Tourism,Accommodation,Hotels"
Abs Metals And Waste Limited,ABS METALS AND WASTE LIMITED,06702744,England/Wales,NA,38210 - Treatment and disposal of non-hazardous waste,19 Sep 2008,Private Limited Company,"PEACEHAVEN 14 CALTON VIEW, YELD ROAD ",DE45 1FN,Bakewell ,Derbyshire England,53.210285,-1.679216,NA,NA,NA,,NA,NA,Waste Disposal,"Waste Treatment, Non-Hazardous Waste Disposal",NA,NA,NA,NA,NA,NA,,NA,NA,NA,NA,NA,NA,NA,NA,NA,https://bakewell.cylex-uk.co.uk/company/abs-metals-and-waste-limited-20994373.html,"Industry & Manufacturing Bakewell,Scrap & Waste Merchants Bakewell,Industry & Manufacturing,Scrap & Waste Merchants"
Lancashire Lad Collectables,NA,NA,NA,NA,NA,NA,NA,"9 -11 ,YORKSHIRE STREET ",OL13 9AE,Bacup ,Lancashire England,53.703615,-2.200106,07920 449581,NA,NA,www.ebay.co.uk/str/lancashireladcollectables,NA,NA,NA,NA,NA,NA,NA,NA,NA,NA,,https://www.facebook.com/LancashireLadCollectables,NA,10:00 - 16:00,10:00 - 16:00,10:00 - 16:00,Closed,Closed,Closed,10:00 - 16:00,https://bacup.cylex-uk.co.uk/company/lancashire-lad-collectables-26554312.html,
Wykham Park Farm,NA,NA,NA,NA,NA,NA,NA,"Wykham Park Farm, Wykham Lane ",OX16 9UP,Banbury ,Oxfordshire England,52.039154,-1.352723,01295 262235,01295 252323,NA,wykhampark.co.uk,NA,"Lamb, Pork, Sheep, Cereals",NA,"Farm Shop, Pick Your Own Produce, Local Produce, Ranch, Smallholdings, Retailers, Farming, Livestock, Animal Farming, Livestock Farming, Farm, Land, Environment, Conservation, Foods, Grange, Croft, Homestead, Plantation, Organic, Specialty Grocery Store, Pick Your Own, Preserves, Woodlands, Holdings, Asparagus, Sustainable Farming, Vegetable Crops, Farming Livestock and Other Animals, Wykham Park Farm",NA,NA,NA,NA,NA,NA,,"https://www.facebook.com/wykhamPark,https://twitter.com/intent/user?screen_name=wykhamp&original_referer=https%3a%2f%2fbanbury.cylex-uk.co.uk%2fcompany%2fwykham-park-farm-16563517.html","food & grocery, food/grocery",08:30 - 17:30,08:30 - 17:30,08:30 - 17:30,10:00 - 16:00,08:30 - 17:30,08:30 - 17:30,08:30 - 17:30,https://banbury.cylex-uk.co.uk/company/wykham-park-farm-16563517.html,"Food & Beverages Banbury,Food Retailers Banbury,Best Farm Shops & Farmers' Markets Banbury,Food & Beverages,Food Retailers,Farm Shops & Farmers' Markets"
Linear Fencing & Landscaping,NA,NA,NA,NA,NA,NA,NA,82 Wykham Pl ,OX16 9HZ,Banbury ,Oxfordshire England,52.049773,-1.345605,01295 270772,NA,NA,www.linearlandscaping.co.uk,NA,NA,NA,NA,NA,NA,NA,NA,NA,NA,,NA,NA,NA,NA,NA,NA,NA,NA,NA,https://banbury.cylex-uk.co.uk/company/linear-fencing---landscaping-26440722.html,
Exalted Brickwork,EXALTED BRICKWORK LTD,09394576,England/Wales,NA,41202 - Construction of domestic buildings,19 Jan 2015,Private Limited Company,11 Wykham Place,OX16 1WH,Banbury ,Oxfordshire England,52.050783,-1.345332,07595 541973,NA,NA,,NA,NA,NA,NA,NA,NA,NA,NA,NA,NA,,https://www.facebook.com/Exalted-Brickwork-822034351198862/about/,Builders,NA,NA,NA,NA,NA,NA,NA,https://banbury.cylex-uk.co.uk/company/exalted-brickwork-24377689.html,"Construction & Contractors Banbury,Builders Banbury,Construction & Contractors,Builders"
Alford Pallet Recycling,NA,NA,NA,NA,NA,NA,NA,Station Rd ,OX18 2AR,Bampton ,Oxfordshire England,51.738019,-1.551077,01993 852102,NA,NA,,NA,NA,NA,NA,NA,NA,NA,NA,NA,NA,,NA,NA,NA,NA,NA,NA,NA,NA,NA,https://bampton-west-oxfordshire.cylex-uk.co.uk/company/alford-pallet-recycling-26952168.html,
McEwan Contract Beds,NA,NA,NA,NA,NA,NA,NA,"7, WILLOW TREE PLACE ",EH14 5AZ,Balerno ,City Of Edinburgh Scotland,55.890286,-3.334467,0131 449 7525,NA,NA,,NA,Pillowcases,NA,"Bedding, Bedclothes, Bedcovers, Pillow Shams",NA,NA,NA,NA,NA,NA,,NA,NA,NA,NA,NA,NA,NA,NA,NA,https://balerno.cylex-uk.co.uk/company/mcewan-contract-beds-17069926.html,"Home & Garden Balerno,Beds & Bedding Balerno,Home & Garden,Beds & Bedding"
Trevor Gardner,NA,NA,NA,NA,NA,NA,NA,"TREVINE, STATION ROAD ",OX18 2LQ,Bampton ,Oxfordshire England,51.748155,-1.553962,01993 850536,NA,NA,,NA,NA,"Kitchen Installation, Kitchen Fitting","Kitchen Installers, Kitchen Fitters",NA,NA,NA,NA,NA,NA,,NA,NA,NA,NA,NA,NA,NA,NA,NA,https://bampton-west-oxfordshire.cylex-uk.co.uk/company/trevor-gardner-13291173.html,"Construction & Contractors Bampton,Home Improvement Bampton,Kitchen Planning & Fitting Bampton,Construction & Contractors,Home Improvement,Kitchen Planning & Fitting"
Seven Sisters Miners' Welfare Social Club Limited,SEVEN SISTERS MINERS' WELFARE SOCIAL CLUB LIMITED,05995517,England/Wales,NA,56301 - Licensed clubs,10 Nov 2006,"PRI/LTD BY GUAR/NSC (Private, limited by guarantee, no share capital)",HEOL Y FELIN ,SA10 9BN,Seven Sisters ,Neath Port Talbot Wales,51.771606,-3.702962,01639 700293,NA,NA,,NA,NA,NA,"Club, Social Club, Night Clubs",NA,NA,NA,NA,NA,NA,,NA,NA,NA,NA,NA,NA,NA,NA,NA,https://seven-sisters.cylex-uk.co.uk/company/seven-sisters-miners%27-welfare-social-club-limited-22831724.html,"Community & Government Seven Sisters,Organisations, Associations & Clubs Seven Sisters,Community & Government,Organisations, Associations & Clubs,Social Clubs,Community & Government,Organisations, Associations & Clubs,Arts, Entertainment & Nightlife,Nightclubs"
Herbert G Pheasey,NA,NA,NA,NA,NA,NA,NA,"STRATHMORE, WYEDALE DRIVE ",DE45 1BB,Bakewell ,Derbyshire England,53.207615,-1.670643,01629 812151,NA,NA,,NA,NA,NA,Haulage Contractors,NA,NA,NA,NA,NA,NA,,NA,NA,NA,NA,NA,NA,NA,NA,NA,https://bakewell.cylex-uk.co.uk/company/herbert-g-pheasey-17270868.html,"Transportation Bakewell,Ground Transportation Bakewell,Road Haulage & Freight Forwarding Bakewell,Transportation,Ground Transportation,Road Haulage & Freight Forwarding"
Ddraig Y Bryn (Bryn Social Club),NA,NA,NA,NA,NA,NA,NA,"13-15, Gwilym Rd, Cwmllynfell ",SA9 2GH,Cwmllynfell ,Carmarthenshire Wales,51.799371,-3.818132,01639-830225,NA,NA,,NA,Dartboards,NA,"Social Club, Leisure, Pubs, Bars, Sports Club, Clubs & Associations, Night Clubs, Function Rooms, Pool Tables, Leisure Club, Beer Gardens",NA,NA,NA,NA,"beer garden, function room, outside area, comedy, dart board, karaoke, live music, pool table, quiz nights, football",NA,,NA,NA,NA,NA,NA,NA,NA,NA,NA,https://cwmllynfell.cylex-uk.co.uk/company/ddraig-y-bryn--bryn-social-club--18741481.html,"Community & Government Cwmllynfell,Organisations, Associations & Clubs Cwmllynfell,Social Clubs Cwmllynfell,Community & Government,Organisations, Associations & Clubs,Social Clubs"
Seven Sisters Welfare Association,NA,NA,NA,NA,NA,NA,NA,"Institute Buildings, Heol-Y-Felin ",SA10 9BN,Seven Sisters ,Neath Port Talbot Wales,51.772077,-3.702722,01639 700293,NA,NA,,NA,NA,Entertainment,"Social Club, Social Clubs & Associations, Leisure, Sports, Associations, Social Services, Leisure Cultural, Clubs & Associations",NA,NA,NA,NA,NA,NA,,NA,NA,NA,NA,NA,NA,NA,NA,NA,https://seven-sisters.cylex-uk.co.uk/company/seven-sisters-welfare-association-15686553.html,"Community & Government Seven Sisters,Organisations, Associations & Clubs Seven Sisters,Social Clubs Seven Sisters,Community & Government,Organisations, Associations & Clubs,Social Clubs"
Nantycafan Social Club,NA,NA,NA,NA,NA,NA,NA,DULAIS ROAD ,SA10 9EY,Seven Sisters ,Neath Port Talbot Wales,51.753624,-3.727601,01639 700284,NA,NA,,NA,NA,Entertainment,"Associations, Club, Clubs & Associations, Leisure, Pubs, Sports, Bars, Leisure Cultural, Night Clubs",NA,NA,NA,NA,NA,NA,,NA,NA,19:00 - 23:00,12:00 - 23:00,NA,NA,Closed,Closed,19:00 - 23:00,https://seven-sisters.cylex-uk.co.uk/company/nantycafan-social-club-13977974.html,"Community & Government Seven Sisters,Organisations, Associations & Clubs Seven Sisters,Community & Government,Organisations, Associations & Clubs"
Robert Hodgson,NA,NA,NA,NA,NA,NA,NA,26 WYEDALE CRESCENT ,DE45 1BE,Bakewell ,Derbyshire England,53.205065,-1.668509,01629 813202,NA,NA,,NA,NA,Driver Training Courses,NA,NA,NA,NA,NA,NA,NA,,NA,"Driving Schools, Driving School Instructor, Driving Instructors",NA,NA,NA,NA,NA,NA,NA,https://bakewell.cylex-uk.co.uk/company/robert-hodgson-17255534.html,"Education Bakewell,Schools Bakewell,Driving Schools Bakewell,Education,Schools,Driving Schools"
Abercrave and District Miners Welfare Association Social Club Limited,ABERCRAVE AND DISTRICT MINERS WELFARE ASSOCIATION SOCIAL CLUB LIMITED,02684195,England/Wales,NA,94990 - Activities of other membership organizations n.e.c.,04 Feb 1992,"PRI/LTD BY GUAR/NSC (Private, limited by guarantee, no share capital)","ABERCRAVE AND DISTRICT MINERS, WELFARE ASSOCIATION",SA9 1XA,Abercrave ,Powys Wales,51.801447,-3.719895,NA,NA,NA,,NA,NA,NA,"Business Organisations, Membership Organisations",NA,NA,NA,NA,NA,NA,,NA,NA,NA,NA,NA,NA,NA,NA,NA,https://abercrave.cylex-uk.co.uk/company/abercrave-and-district-miners-welfare-association-social-club-limited-22271203.html,"Community & Government Abercrave,Organisations, Associations & Clubs Abercrave,Business & Trade Organisations Abercrave,Community & Government,Organisations, Associations & Clubs,Business & Trade Organisations"
Meadow Croft - Bakewell,NA,NA,NA,NA,NA,NA,NA,2 Wyebank Grove,DE45 1BJ,Bakewell ,Derbyshire England,53.208639,-1.669094,07447 030080,NA,NA,,NA,NA,NA,NA,NA,NA,NA,NA,NA,NA,"American Express,Cash,Cheque,MasterCard,Visa",https://www.facebook.com/?fref=ts,NA,07:00 - 22:00,07:00 - 22:00,07:00 - 22:00,07:00 - 22:00,07:00 - 22:00,07:00 - 22:00,07:00 - 22:00,https://bakewell.cylex-uk.co.uk/company/meadow-croft---bakewell-26499167.html,
Cns (Swansea) Limited,CNS (SWANSEA) LIMITED,07097261,England/Wales,C/O Griffith & Miles Charter Court Phoenix Way Enterprise Park Swansea Wales SA7 9FS Wales,9900 - Support activities for other mining and quarrying,07 Dec 2009,Private Limited Company,"RIVERSIDE GARAGE CAERBONT, YSTRADGYNLAIS",SA9 1SH,Caerbont ,Powys Wales,51.793328,-3.736335,NA,NA,NA,,NA,NA,Civil Engineering,"Road Haulage, Business Organisations, Government Services, Mining Services, Site Preparation Services, Quarrying Services",NA,NA,NA,NA,NA,NA,,NA,NA,NA,NA,NA,NA,NA,NA,NA,https://caerbont.cylex-uk.co.uk/company/cns--swansea--limited-22399091.html,"Community & Government Caerbont,Organisations, Associations & Clubs Caerbont,Business & Trade Organisations Caerbont,Community & Government,Organisations, Associations & Clubs,Business & Trade Organisations,Construction & Contractors,Engineering,Civil Engineering,Transportation,Ground Transportation,Road Haulage & Freight Forwarding,Industry & Manufacturing,Mining Services,Quarrying & Mining,Community & Government,Government Services,Construction & Contractors,Site Preparation Contractors"
R Hughes,NA,NA,NA,NA,NA,NA,NA,1 Woodside Drive ,DE45 1ER,Bakewell ,Derbyshire England,53.209906,-1.674294,01629 812640,NA,NA,,NA,NA,NA,"Veterinarian, Vets, Animal Health, Animal Disease, Veterinary, Veterinary Surgeons & Practitioners, Veterinary Services, Practitioner",NA,NA,NA,NA,NA,NA,,NA,Surgeons,NA,NA,NA,NA,NA,NA,NA,https://bakewell.cylex-uk.co.uk/company/r-hughes-16380220.html,"Pets & Animals Bakewell,Veterinary Services Bakewell,Veterinarians Bakewell,Pets & Animals,Veterinary Services,Veterinarians"
L 2 B PROJECTS LIMITED,L 2 B PROJECTS LIMITED,09527519,England/Wales,NA,82990 - Other business support service activities n.e.c.,07 Apr 2015,Private Limited Company,Diamond House Diamond Court ,DE45 1EW,Bakewell ,Derbyshire England,53.213008,-1.674420,NA,NA,NA,,NA,NA,NA,Business Support,NA,NA,NA,NA,NA,NA,,NA,NA,NA,NA,NA,NA,NA,NA,NA,https://bakewell.cylex-uk.co.uk/company/l-2-b-projects-limited-24651159.html,"Business & Professional Services Bakewell,Business Consultants Bakewell,Business & Management Consultants Bakewell,Business & Professional Services,Business Consultants,Business & Management Consultants"
PCP Limited ,CRYNANT CONSULTING LIMITED,04690356,England/Wales,NA,62020 - Information technology consultancy activities,07 Mar 2003,Private Limited Company,100 Main Road ,SA10 8NT,Crynant ,Neath Port Talbot Wales,51.733650,-3.748976,01639 751083,01639 750876,07968 599137,www.pcplimited.com,NA,NA,"accountancy training, audit, audit compliance review, audit planning, audit file review, practice management","IT Services, Accountants, Accountancy, Management Consultants, IT Consultants, Business Consultants, Consultancy, Training, Design Consultants, Industrial Design, Management, Developments, Skills, IT Training, Compliance Reviews",NA,NA,NA,NA,NA,NA,,"https://twitter.com/intent/user?screen_name=PCPLimited&original_referer=https%3a%2f%2fcrynant.cylex-uk.co.uk%2fcompany%2fpcp-limited--12766411.html,https://www.linkedin.com/company/pcp-limited",NA,NA,NA,NA,NA,NA,NA,NA,https://crynant.cylex-uk.co.uk/company/pcp-limited--12766411.html,"Finance Crynant,Financial Services Crynant,Accounting & Bookkeeping Crynant,Finance,Financial Services,Accounting & Bookkeeping,Electronics & Technology,Computer Services,IT Services,Business & Professional Services,Business Consultants,Business & Management Consultants"
Tir Canol Holdings Limited,TIR CANOL HOLDINGS LIMITED,03999086,England/Wales,NA,68209 - Other letting and operating of own or leased real estate,22 May 2000,Private Limited Company,GLYNCYNWAL UCHAF FARM ,SA9 2QQ,Lower Cwmtwrch ,Powys Wales,51.788665,-3.786498,NA,NA,NA,,NA,NA,NA,"Estate Agents, Business Organisations, Real Estate, Consultancy, Head Office, Corporate Head Office Management",NA,NA,NA,NA,NA,NA,,NA,NA,NA,NA,NA,NA,NA,NA,NA,https://lower-cwmtwrch.cylex-uk.co.uk/company/tir-canol-holdings-limited-22142205.html,"Community & Government Lower Cwmtwrch,Organisations, Associations & Clubs Lower Cwmtwrch,Business & Trade Organisations Lower Cwmtwrch,Community & Government,Organisations, Associations & Clubs,Business & Trade Organisations,Real Estate,Real Estate Services,Estate Agents,Business & Professional Services,Business Consultants,Business & Management Consultants"
Lin Oliver,NA,NA,NA,NA,NA,NA,NA,Onllwyn Road,SA10 9NS,Neath ,Neath Port Talbot Wales,51.785761,-3.678966,07774 718663,NA,NA,www.linoliver.co.uk,NA,NA,"Bookkeeping ,  Accounts ,  Payroll ,  VAT ,  CIS ,  Self-Assessment ,  Secretarial ,  Office Administration","Bookkeeping, Payroll, Vat, Accounts, Secretarial, Self Assessment, Cis, Office Administration Services",NA,NA,NA,NA,NA,NA,,NA,NA,NA,NA,NA,NA,NA,NA,NA,https://neath.cylex-uk.co.uk/company/lin-oliver-26260621.html,"Finance Neath,Financial Services Neath,Best Accounting & Bookkeeping Neath,Finance,Financial Services,Accounting & Bookkeeping"
Accounts and Payroll Limited,ACCOUNTS AND PAYROLL LIMITED,04405834,England/Wales,37 Anson Road Wolverton Milton Keynes Buckinghamshire MK12 5BY,69201 - Accounting and auditing activities,28 Mar 2002,Private Limited Company,GLAN YR AFON HOUSE 30 WALTERS ROAD ,SA9 2FH,Cwmllynfell ,Carmarthenshire Wales,51.798533,-3.816764,NA,NA,NA,,NA,NA,NA,"Accountants, Accounting, Auditing",NA,NA,NA,NA,NA,NA,,NA,NA,NA,NA,NA,NA,NA,NA,NA,https://cwmllynfell.cylex-uk.co.uk/company/accounts-and-payroll-limited-20113489.html,"Finance Cwmllynfell,Financial Services Cwmllynfell,Accounting & Bookkeeping Cwmllynfell,Finance,Financial Services,Accounting & Bookkeeping"
Heritage Accountancy,NA,NA,NA,NA,NA,NA,NA,23 Ynys Fawr Ave ,SA11 4LS,Resolven ,Neath Port Talbot Wales,51.712466,-3.692174,01639 711158,NA,NA,,NA,NA,"Accountancy ,  Taxation ,  Payroll Services ,  Partnerships ,  Sole Traders ,  Small Limited Companies ,  Business Development ,  Training","Accountancy, Business Development, Taxation Services, Training, Payroll Services, Partnership, Sole Traders, Small Limited Companies",NA,NA,NA,NA,NA,NA,,https://www.facebook.com/HeritageAccountancyLtd,NA,09:00 - 17:00,09:00 - 17:00,Closed,Closed,09:00 - 17:00,09:00 - 17:00,09:00 - 17:00,https://resolven.cylex-uk.co.uk/company/heritage-accountancy-26259263.html,"Finance Resolven,Financial Services Resolven,Accounting & Bookkeeping Resolven,Finance,Financial Services,Accounting & Bookkeeping"
ROGER BYERS & CO LIMITED,ROGER BYERS & CO LIMITED,09131620,England/Wales,NA,69201 - Accounting and auditing activities,15 Jul 2014,Private Limited Company,Swn Yr Afon Felinfach ,SA9 2XR,Ystradowen ,Carmarthenshire Wales,51.792302,-3.807929,NA,NA,NA,,NA,NA,NA,"Accountants, Auditing",NA,NA,NA,NA,NA,NA,,NA,NA,NA,NA,NA,NA,NA,NA,NA,https://ystradowen-carmarthenshire.cylex-uk.co.uk/company/roger-byers---co-limited-25387163.html,"Finance Ystradowen,Financial Services Ystradowen,Accounting & Bookkeeping Ystradowen,Finance,Financial Services,Accounting & Bookkeeping"
BECKETT LANE LIMITED,BECKETT LANE LIMITED,08940635,England/Wales,NA,69201 - Accounting and auditing activities,14 Mar 2014,Private Limited Company,3 Martyns Avenue ,SA10 9DP,Seven Sisters ,Neath Port Talbot Wales,51.765653,-3.714129,01639 700133,07890 312060,NA,www.beckett-lane.co.uk,NA,NA,"Payroll ,  Bookkeeping ,  Vat Returns ,  Management Accounts ,  Accounting Services","Accountants, Accounting, Bookkeeping, Management Accounts, Auditing, Payroll, VAT Return",NA,NA,NA,NA,NA,NA,,https://www.facebook.com/BeckettLaneLtd/info,NA,09:00 - 17:00,09:00 - 17:00,Closed,Closed,09:00 - 17:00,09:00 - 17:00,09:00 - 17:00,https://seven-sisters.cylex-uk.co.uk/company/beckett-lane-limited-24106119.html,"Finance Seven Sisters,Financial Services Seven Sisters,Accounting & Bookkeeping Seven Sisters,Finance,Financial Services,Accounting & Bookkeeping"
Ace Coin Equipment Ltd,ACE COIN EQUIPMENT LTD,07827365,England/Wales,NA,99999 - Dormant Company,28 Oct 2011,Private Limited Company,UNIT 10 GURNOS IND EST BETHEL ROAD ,SA9 2HW,Ystalyfera ,Neath Port Talbot Wales,51.772036,-3.779565,NA,NA,NA,,NA,NA,NA,NA,NA,NA,NA,NA,NA,NA,,NA,Dormant Companies,NA,NA,NA,NA,NA,NA,NA,https://ystalyfera.cylex-uk.co.uk/company/ace-coin-equipment-ltd-22274227.html,"Finance Ystalyfera,Financial Services Ystalyfera,Accounting & Bookkeeping Ystalyfera,Finance,Financial Services,Accounting & Bookkeeping,Business & Professional Services,Dormant Companies"
Burnant Shooting Ground Limited,BURNANT SHOOTING GROUND LIMITED,05700734,England/Wales,Bryncoed Bungalow Treforgan Road Crynant Neath West Glamorgan SA10 8PP,99999 - Dormant Company,07 Feb 2006,Private Limited Company,BRYNCOED BUNGALOW TREFORGAN ROAD ,SA10 8PW,Crynant ,Neath Port Talbot Wales,51.740299,-3.752261,01639 881185,NA,NA,,NA,NA,NA,NA,NA,NA,NA,NA,NA,NA,,NA,Dormant Companies,NA,NA,NA,NA,NA,NA,NA,https://crynant.cylex-uk.co.uk/company/burnant-shooting-ground-limited-21134346.html,"Finance Crynant,Financial Services Crynant,Accounting & Bookkeeping Crynant,Finance,Financial Services,Accounting & Bookkeeping,Business & Professional Services,Dormant Companies"
A B Plastics Ltd,A B PLASTICS LTD,07703638,England/Wales,NA,99999 - Dormant Company,13 Jul 2011,Private Limited Company,"UNIT 8 GURNOS IND EST, BETHEL ROAD ",SA9 2HW,Ystalyfera ,Neath Port Talbot Wales,51.772036,-3.779565,NA,NA,NA,,NA,NA,NA,NA,NA,NA,NA,NA,NA,NA,,NA,Dormant Companies,NA,NA,NA,NA,NA,NA,NA,https://ystalyfera.cylex-uk.co.uk/company/a-b-plastics-ltd-22264273.html,"Finance Ystalyfera,Financial Services Ystalyfera,Accounting & Bookkeeping Ystalyfera,Finance,Financial Services,Accounting & Bookkeeping,Business & Professional Services,Dormant Companies"
Dolomite Training,DOLOMITE TRAINING LIMITED,07975131,England/Wales,Unit 11 Molyneux Business Park Whitworth Road Darley Dale Derbyshire DE4 2HJ,85510 - Sports and recreation education,05 Mar 2012,Private Limited Company,"Fairfield, Wye Bank ",DE45 1BH,Bakewell ,Derbyshire England,53.208781,-1.669711,01629 814557,07784 005097,NA,www.dolomitetraining.co.uk,NA,NA,"Caving Courses, Climbing Courses, First Aid Training, Mountain Biking Courses, Outdoor Activities, Abseiling","Sports Coaching, Sports Instruction, Short Breaks, Mountain Biking, Adventure Holidays, Caving, Outdoor Adventure, Leadership Training, Education, Training, Amusement and Recreation Services, Recreation & Fitness, Team Building, First Aid, Outdoors, Rock Climbing, Dolomite, 1st Aid, Adventurous Activities, Nnas, Sponsored Events, Caving Peak District, Caving Trips, Climbing Peak District, Efaw Courses, Manangement Training, Mountain Bike Skills Courses, Navigation Courses in The Peak District, Outdoor Activites, School Staff Training",NA,NA,Rudge Steve,"01629 814557,07784005097",NA,NA,"Bank transfer,Cash,Cheque,PayPal,Online Banking,Invoice","https://www.facebook.com/Dolomitetraining,https://twitter.com/intent/user?screen_name=dolomiteuk&original_referer=https%3a%2f%2fbakewell.cylex-uk.co.uk%2fcompany%2fdolomite-training-17773847.html",NA,08:00 - 18:00,08:00 - 18:00,09:00 - 17:00,09:00 - 17:00,08:00 - 18:00,08:00 - 18:00,08:00 - 18:00,https://bakewell.cylex-uk.co.uk/company/dolomite-training-17773847.html,"Sports & Recreation Bakewell,Indoor & Outdoor Activities Bakewell,Outdoor Sports & Activities Bakewell,Sports & Recreation,Indoor & Outdoor Activities,Outdoor Sports & Activities,Sports & Recreation,Sports & Recreation Instruction,Sports Coaching & Training,Business & Professional Services,Business Consultants,Business & Management Consultants,Travel & Tourism,Travel Agents"
J Harris,NA,NA,NA,NA,NA,NA,NA,"Baran Rd, Coedcae Mawr Farm",SA8 4RR,Rhydyfro ,Neath Port Talbot Wales,51.726569,-3.845174,01792 863326,01792 863326,NA,,NA,NA,NA,"Accountants, Accounting, Bookkeeping, Accountancy, Financial Services, Farming, Livestock, Animal Farming, Farmers, Livestock Farming, Financial, Tax, Farming Livestock and Other Animals",NA,NA,NA,NA,NA,NA,,NA,NA,08:30 - 20:30,08:30 - 20:30,08:30 - 20:30,Closed,08:30 - 20:30,08:30 - 20:30,08:30 - 20:30,https://rhydyfro.cylex-uk.co.uk/company/j-harris-15637442.html,"Agriculture & Forestry Rhydyfro,Farming Rhydyfro,Farms Rhydyfro,Agriculture & Forestry,Farming,Farms,Finance,Financial Services,Accounting & Bookkeeping"
Celebrity Greetings Limited,CELEBRITY GREETINGS LIMITED,07826372,England/Wales,C/O C/O Beever & Struthers St Georges House 215-219 Chester Road Manchester M15 4JE,99999 - Dormant Company,27 Oct 2011,Private Limited Company,"WYE HOUSE, WATER STREET ",DE45 1EW,Bakewell ,Derbyshire England,53.212939,-1.673466,NA,NA,NA,,NA,NA,NA,NA,NA,NA,NA,NA,NA,NA,,NA,Dormant Companies,NA,NA,NA,NA,NA,NA,NA,https://bakewell.cylex-uk.co.uk/company/celebrity-greetings-limited-20244564.html,"Business & Professional Services Bakewell,Dormant Companies Bakewell,Business & Professional Services,Dormant Companies"
William Hill,William Hill,NA,NA,NA,NA,NA,NA,Bridge St/ Water Lane ,DE45 1DS,Bakewell ,Derbyshire England,53.213322,-1.674379,0870 518 1715,NA,NA,www.williamhill.com,NA,NA,"Online Casino Games, Athletics Betting, Backgammon, Baseball Betting, Basketball Betting, Boxing Betting, Card Games, Casino Games, Cricket Betting, Cycling Betting, Dice & Table Games, Domino Games, Financial Betting, Football Betting, Golf Betting, Horse Racing Betting, Jackpots Games, Lottery, Motor Racing Betting, Online Betting, Online Bingo, Online Slot Games, Play Online Poker, Roulette, Snooker Betting, Tennis Betting, Video Poker, Sports Betting","Dominoes Games, Online Casino Game",NA,NA,NA,NA,NA,NA,"Maestro,MasterCard,PayPal,Visa","https://twitter.com/intent/user?screen_name=WillHillBet&original_referer=https%3a%2f%2fbakewell.cylex-uk.co.uk%2fcompany%2fwilliam-hill-18846873.html,https://www.youtube.com/user/williamhillNews",NA,09:00 - 21:30,09:00 - 21:30,09:00 - 21:30,10:00 - 18:30,09:00 - 21:30,09:00 - 21:30,09:00 - 21:30,https://bakewell.cylex-uk.co.uk/company/william-hill-18846873.html,"Arts, Entertainment & Nightlife Bakewell,Best Bookmakers Bakewell,Arts, Entertainment & Nightlife,Bookmakers"
Diamond Court Ltd,DIAMOND COURT LTD,05753595,England/Wales,05/04/2007 - EMBER CONSULTANTS (UK) LIMITED,82110 - Combined office administrative service activities,23 Mar 2006,Private Limited Company,"Diamond House, Water Street ",DE45 1EW,Bakewell ,Derbyshire England,53.213117,-1.674418,01629 812991,01629 815401,NA,www.elbahair.com,NA,Dentures,"children, cosmetic dentistry, crown work, dental bridgework, dental hygienists, dental implants, dentures, endodontics, gum treatments, invisible dental braces, mercury free fillings, orthodontists, preventative dentistry, private dentistry, restorative dentistry, root canal treatment, teeth whitening, tooth coloured fillings, veneers, anti-snoring devices, Denplan, Finance options available, children's dentistry, Gum Treatment","Office Management, Office Administration Services, Administrative Services, Local Business, Health, Centres, Business Centre, Serviced Office Space, Orthodontics, Child, Dental Bridge Work, Anti Snoring Device, Crown Works",NA,NA,NA,NA,"disabled parking, disabled wc, wheelchair access, car parking",NA,"Cash,Debit Card","https://www.facebook.com/diamondcourtdental,https://twitter.com/intent/user?screen_name=templatemonster&original_referer=https%3a%2f%2fbakewell.cylex-uk.co.uk%2fcompany%2fdiamond-court-ltd-21260373.html,https://www.linkedin.com/company/templatemonster-com,https://www.pinterest.com/templatemonster/","Dentist, Medical Centre, Dental Clinic, Orthodontist, Dental Hygienist",NA,NA,09:00 - 12:30,Closed,NA,NA,NA,https://bakewell.cylex-uk.co.uk/company/diamond-court-ltd-21260373.html,"Business & Professional Services Bakewell,Secretarial Services Bakewell,Business & Professional Services,Secretarial Services,Business & Professional Services,Office Design, Planning & Management"
Mciver Rhodes Financial Care Planning,NA,NA,NA,NA,NA,NA,NA,"DIAMOND COURT, WATER STREET ",DE45 1EW,Bakewell ,Derbyshire England,53.213013,-1.674406,01629 815010,07711 068983,01629 815010,,NA,NA,NA,"Financial Planning, Financial Advisory, Independent Financial Advisers, Financial Advisors, Independent Financial Advisor, Financial Consultants, Financial Planners, Investment Advice, Financial Accountant, Financial Services, Business Consultants, Independent, Adviser, Fins",NA,NA,NA,NA,NA,NA,,NA,NA,NA,NA,NA,NA,NA,NA,NA,https://bakewell.cylex-uk.co.uk/company/mciver-rhodes-financial-care-planning-14489709.html,"Finance Bakewell,Financial Consultants Bakewell,Finance,Financial Consultants"
Girasole Import/Export Limited,GIRASOLE IMPORT/EXPORT LIMITED,07633927,England/Wales,Diamond Court Water Street Bakewell Derbyshire DE45 1EW,96090 - Other service activities n.e.c.,13 May 2011,Private Limited Company,"DIAMOND COURT, WATER STREET ",DE45 1EW,Bakewell ,Derbyshire England,53.212737,-1.675772,NA,NA,NA,,NA,NA,NA,"Personal Services, Business Support Services",NA,NA,NA,NA,NA,NA,,NA,NA,NA,NA,NA,NA,NA,NA,NA,https://bakewell.cylex-uk.co.uk/company/girasole-import-export-limited-21380384.html,"Community & Government Bakewell,Charities & Voluntary Organisations Bakewell,Construction & Contractors,Cleaning Services,Carpet Cleaners,Community & Government,Charities & Voluntary Organisations,Business & Professional Services,Personal Services"
Peak Plant Supports Limited,PEAK PLANT SUPPORTS LIMITED,07587511,England/Wales,1St Floor Office 8-10 Stamford Hill London N16 6XZ England,96090 - Other service activities n.e.c.,01 Apr 2011,Private Limited Company,"DIAMOND COURT, WATER STREET ",DE45 1EW,Bakewell ,Derbyshire England,53.212737,-1.675772,NA,NA,NA,,NA,NA,NA,"Personal Services, Business Support Services",NA,NA,NA,NA,NA,NA,,NA,NA,NA,NA,NA,NA,NA,NA,NA,https://bakewell.cylex-uk.co.uk/company/peak-plant-supports-limited-21882375.html,"Community & Government Bakewell,Charities & Voluntary Organisations Bakewell,Construction & Contractors,Cleaning Services,Carpet Cleaners,Community & Government,Charities & Voluntary Organisations,Business & Professional Services,Personal Services"
Tideswell Welding Services Limited,TIDESWELL WELDING SERVICES LIMITED,06785758,England/Wales,NA,25110 - Manufacture of metal structures and parts of structures,08 Jan 2009,Private Limited Company,"DIAMOND COURT, WATER STREET ",DE45 1EW,Bakewell ,Derbyshire England,53.212737,-1.675772,NA,NA,NA,,NA,NA,NA,"Manufacture of Metal Structures, Metal Fabrication, Metal Products Manufacturer",NA,NA,NA,NA,NA,NA,,NA,NA,NA,NA,NA,NA,NA,NA,NA,https://bakewell.cylex-uk.co.uk/company/tideswell-welding-services-limited-22139247.html,"Industry & Manufacturing Bakewell,Steel Fabricators & Erectors Bakewell,Industry & Manufacturing,Steel Fabricators & Erectors"
National Westminster Bank PLC,NA,NA,NA,NA,NA,NA,NA,1 Water Lane,DE45 1YY,Bakewell ,Derbyshire England,53.213287,-1.674613,0845 302 9413,NA,NA,,NA,NA,NA,"Bank, Warehousing & Storage",NA,NA,NA,NA,NA,NA,,NA,NA,NA,NA,NA,NA,NA,NA,NA,https://bakewell.cylex-uk.co.uk/company/national-westminster-bank-plc-19907927.html,"Finance Bakewell,Banking Services Bakewell,Banks & ATMs Bakewell,Finance,Banking Services,Banks & ATMs"
Gb Hauliers Limited,GB HAULIERS LIMITED,06921610,England/Wales,NA,49410 - Freight transport by road,02 Jun 2009,Private Limited Company,"DIAMOND COURT, WATER STREET ",DE45 1EW,Bakewell ,Derbyshire England,53.212737,-1.675772,NA,NA,NA,,NA,NA,NA,"Road Haulage, Road Freight",NA,NA,NA,NA,NA,NA,,NA,NA,NA,NA,NA,NA,NA,NA,NA,https://bakewell.cylex-uk.co.uk/company/gb-hauliers-limited-21372482.html,"Transportation Bakewell,Ground Transportation Bakewell,Road Haulage & Freight Forwarding Bakewell,Transportation,Ground Transportation,Road Haulage & Freight Forwarding"
David George Kegworth Limited,DAVID GEORGE KEGWORTH LIMITED,06847013,England/Wales,NA,96020 - Hairdressing and other beauty treatment,16 Mar 2009,Private Limited Company,"DIAMOND COURT, WATER STREET ",DE45 1EW,Bakewell ,Derbyshire England,53.212737,-1.675772,NA,NA,NA,,NA,NA,NA,"Beauty Salon, Beauty Treatments",NA,NA,NA,NA,NA,NA,,NA,Hairdressers,NA,NA,NA,NA,NA,NA,NA,https://bakewell.cylex-uk.co.uk/company/david-george-kegworth-limited-21245187.html,"Beauty & Personal Care Bakewell,Beauty Salons Bakewell,Beauty & Personal Care,Beauty Salons"
NatWest - BAKEWELL ATM,NatWest,GB-145096858,NA,NA,NA,NA,NA,1 Water Lane,DE45 1YY,Bakewell ,Derbyshire England,53.213541,-1.674625,01792 244609,0345 788 8444,NA,personal.natwest.com/personal.html,NA,NA,Currency on demand,Bank,NA,NA,NA,NA,Saturday opening,NA,"Cash,Debit Card","https://www.facebook.com/NatWest,https://twitter.com/intent/user?screen_name=NatWest_Help&original_referer=https%3a%2f%2fbakewell.cylex-uk.co.uk%2fcompany%2fnatwest---bakewell-atm-16311870.html",NA,09:00 - 16:30,09:00 - 16:30,09:00 - 12:30,Closed,09:00 - 16:30,09:00 - 16:30,09:30 - 16:30,https://bakewell.cylex-uk.co.uk/company/natwest---bakewell-atm-16311870.html,"Finance Bakewell,Banking Services Bakewell,Banks & ATMs Bakewell,Finance,Banking Services,Banks & ATMs,Finance,Insurance,Insurance Agents & Companies,Finance,Mortgages,Mortgage Lenders,Finance,Financial Services,Finance,Financial Consultants"
David George Bakewell Limited,DAVID GEORGE BAKEWELL LIMITED,06847047,England/Wales,NA,96020 - Hairdressing and other beauty treatment,16 Mar 2009,Private Limited Company,"Diamond Court, Water Street ",DE45 1EW,Bakewell ,Derbyshire England,53.213115,-1.674744,01629 813713,07848 442746,NA,www.bakewellinteriors.co.uk,NA,NA,Building Completion,"Beauty Salon, Beauty Treatments",NA,NA,NA,NA,NA,NA,,NA,Hairdressers,NA,NA,NA,NA,NA,NA,NA,https://bakewell.cylex-uk.co.uk/company/david-george-bakewell-limited-21245186.html,"Beauty & Personal Care Bakewell,Beauty Salons Bakewell,Beauty & Personal Care,Beauty Salons"
Jolly Pots,NA,NA,NA,NA,NA,NA,NA,3 Water Ln ,DE45 1EU,Bakewell ,Derbyshire England,53.213169,-1.674314,01629 813085,NA,NA,m.facebook.com/pages/jolly-pots/231711160531284,NA,NA,NA,NA,NA,NA,NA,NA,NA,NA,,"https://www.facebook.com/Leafnottingham,https://twitter.com/intent/user?screen_name=leafgifts&original_referer=https%3a%2f%2fbakewell.cylex-uk.co.uk%2fcompany%2fjolly-pots-26454076.html",NA,10:00 - 17:00,10:00 - 17:00,10:00 - 17:00,11:00 - 16:30,10:00 - 17:00,10:00 - 17:00,10:00 - 17:00,https://bakewell.cylex-uk.co.uk/company/jolly-pots-26454076.html,
Bean & Bag,NA,NA,NA,NA,NA,NA,NA,Water St ,DE45 1EU,Bakewell ,Derbyshire England,53.213105,-1.674679,01629 812999,NA,NA,bakewellonline.co.uk/place/388/thebean&bagcafe.html,NA,NA,NA,NA,NA,NA,NA,NA,NA,NA,,https://www.facebook.com/The-Bean-Bag-168088193250197/about/,NA,08:30 - 16:00,08:30 - 16:00,08:00 - 16:00,08:00 - 16:00,08:00 - 16:00,08:30 - 16:00,08:30 - 16:00,https://bakewell.cylex-uk.co.uk/company/bean---bag-26911629.html,
Granby Gallery,NA,NA,NA,NA,NA,NA,NA,WATER LANE ,DE45 1EU,Bakewell ,Derbyshire England,53.213541,-1.674625,01629 813050,01629 814868,NA,,NA,NA,NA,"Fine Art Gallery, Art Galleries and Fine Art Dealers, Fine Art Dealers, Art Dealers",NA,NA,NA,NA,NA,NA,,NA,Art Gallery,NA,NA,NA,NA,NA,NA,NA,https://bakewell.cylex-uk.co.uk/company/granby-gallery-13250057.html,"Arts, Entertainment & Nightlife Bakewell,Visual Arts Bakewell,Art Galleries Bakewell,Arts, Entertainment & Nightlife,Visual Arts,Art Galleries,Arts, Entertainment & Nightlife,Arts & Crafts,Picture Framing Services"
WHSmith,NA,NA,NA,NA,NA,NA,NA,Whsmith Bakewell Local Water Lane ,DE45 1EU,Bakewell ,Derbyshire England,53.213505,-1.674590,01629 812689,NA,NA,www.whsmith.co.uk,NA,"books, ebooks, photo albums, photo frames, cards, gifts, toys, games, magazines, Stationery",NA,"Gift Shop, Bookshop",NA,NA,NA,NA,national lottery,NA,"American Express,Maestro,MasterCard,PayPal,Visa,Diners Club","https://www.facebook.com/WHSmithuk,https://twitter.com/intent/user?screen_name=WHSmith&original_referer=https%3a%2f%2fbakewell.cylex-uk.co.uk%2fcompany%2fwhsmith-23751168.html,https://www.youtube.com/user/WHSmithDirect,https://www.pinterest.com/whsmithcouk/,https://instagram.com/whsmithofficial/",NA,07:30 - 17:00,07:30 - 17:00,07:30 - 17:00,08:00 - 16:00,07:30 - 17:00,07:30 - 17:00,07:30 - 17:00,https://bakewell.cylex-uk.co.uk/company/whsmith-23751168.html,"Arts, Entertainment & Nightlife Bakewell,Arts & Crafts Bakewell,Arts & Crafts Supplies & Shops Bakewell,Arts, Entertainment & Nightlife,Arts & Crafts,Arts & Crafts Supplies & Shops,Shopping & Retail,Gifts & Novelties,Gift Shops,Shopping & Retail,Bookshops,Shopping & Retail,Stationery Shops,Media & Communications,Newspapers & Magazines"
Gf and Co Interiors,NA,NA,NA,NA,NA,NA,NA,3 Water Ln ,DE45 1EU,Bakewell ,Derbyshire England,53.213169,-1.674314,01629 812009,NA,NA,,NA,Furniture,NA,NA,NA,NA,NA,NA,NA,NA,,NA,Furniture Shop,09:00 - 17:00,09:00 - 17:00,09:00 - 17:00,Closed,09:00 - 17:00,09:00 - 17:00,09:00 - 17:00,https://bakewell.cylex-uk.co.uk/company/gf-and-co-interiors-19137873.html,"Home & Garden Bakewell,Furniture Bakewell,Furniture Shops Bakewell,Home & Garden,Furniture,Furniture Shops"
Proper Pasty Co,NA,NA,NA,NA,NA,NA,NA,3 Water St ,DE45 1EU,Bakewell ,Derbyshire England,53.213105,-1.674679,01629 813456,NA,NA,www.properpasty.co.uk,NA,NA,NA,NA,NA,NA,NA,NA,NA,NA,,NA,NA,11:00 - 14:30,11:00 - 14:30,11:00 - 16:00,11:00 - 16:00,11:00 - 14:30,11:00 - 14:30,11:00 - 14:30,https://bakewell.cylex-uk.co.uk/company/proper-pasty-co-26917723.html,
Bakewell Stationers Ltd,NA,NA,NA,NA,NA,NA,NA,Water Lane ,DE45 1EU,Bakewell ,Derbyshire England,53.213505,-1.674590,01629 812689,NA,NA,www.gtnews.com,NA,"Magazines, Newspaper, Stationery, Greeting Cards, Office Stationery, Envelopes, Scratch Cards","Mobile Top-Up Cards, National Lottery, Paypoint - Bill Payment, Scratch Cards, Euromillions, Health Lottery, Dry cleaning, Newspapers, Magazines, Greeting cards, Parcel collect and delivery, Stationary, Back to school stationary, envelopes","Mobile Top up Cards, Newsagents, Newsstand, News Agency, Newspaper Stationery, Paypoint Bill Payment",NA,NA,NA,NA,NA,NA,"Maestro,MasterCard,Visa",NA,NA,07:30 - 17:00,07:30 - 17:00,07:30 - 17:00,08:30 - 17:00,07:30 - 17:00,07:30 - 17:00,07:30 - 17:00,https://bakewell.cylex-uk.co.uk/company/bakewell-stationers-ltd-19295338.html,"Media & Communications Bakewell,Newspapers & Magazines Bakewell,Media & Communications,Newspapers & Magazines"
G N Digital Ltd,G N DIGITAL LTD,06211432,England/Wales,17/05/2011 - TURNSEK CONSULTING LIMITED,70229 - Management consultancy activities other than financial management,13 Apr 2007,Private Limited Company,"DIAMOND COURT, WATER STREET ",DE45 1EW,Bakewell ,Derbyshire England,53.212737,-1.675772,NA,NA,NA,,NA,NA,NA,"Management Consultants, Financial Management, Business Consultants",NA,NA,NA,NA,NA,NA,,NA,NA,NA,NA,NA,NA,NA,NA,NA,https://bakewell.cylex-uk.co.uk/company/g-n-digital-ltd-21364349.html,"Business & Professional Services Bakewell,Business Consultants Bakewell,Business & Management Consultants Bakewell,Business & Professional Services,Business Consultants,Business & Management Consultants"
Chris Mason Limited,CHRIS MASON LIMITED,07062255,England/Wales,Diamon Court Water Street Bakewell Derbyshire DE45 1EW,49410 - Freight transport by road,30 Oct 2009,Private Limited Company,"DIAMON COURT, WATER STREET ",DE45 1EW,Bakewell ,Derbyshire England,53.212737,-1.675772,NA,NA,NA,,NA,NA,NA,"Road Haulage, Road Freight",NA,NA,NA,NA,NA,NA,,NA,NA,NA,NA,NA,NA,NA,NA,NA,https://bakewell.cylex-uk.co.uk/company/chris-mason-limited-21179274.html,"Transportation Bakewell,Ground Transportation Bakewell,Road Haulage & Freight Forwarding Bakewell,Transportation,Ground Transportation,Road Haulage & Freight Forwarding"
Bloomers Original Bakewell Puddings Ltd,NA,NA,NA,NA,NA,NA,NA,Water St ,DE45 1EU,Bakewell ,Derbyshire England,53.213105,-1.674679,01629 814844,NA,NA,www.bloomersofbakewell.co.uk,NA,"Bakery Products, Pastry, Speciality Cakes, Desserts, Meat Products, Cakes, Meats",Dog Grooming,"Bakery, Bakers' Shops, Bakers, Bakery Shops, Church, Butchers, Bookshop, Food Manufacturers, Butcher Shop, Steakhouse, Manufactures, Enterprise Agency, Meat Industry",NA,NA,NA,NA,NA,NA,,https://www.facebook.com/bloomersbakewell/,"Builders, Kennels",09:00 - 17:00,09:00 - 17:00,09:00 - 17:00,10:00 - 17:00,09:00 - 17:00,09:00 - 17:00,09:00 - 17:00,https://bakewell.cylex-uk.co.uk/company/bloomers-original-bakewell-puddings-ltd-15827923.html,"Food & Beverages Bakewell,Food Products Bakewell,Best Bakeries Bakewell,Food & Beverages,Food Products,Bakeries"
Richard Mundy Building Design Limited,RICHARD MUNDY BUILDING DESIGN LIMITED,04949793,England/Wales,NA,71111 - Architectural activities,31 Oct 2003,Private Limited Company,"DIAMOND COURT, WATER STREET ",DE45 1EW,Bakewell ,Derbyshire England,53.212737,-1.675772,NA,NA,NA,,NA,NA,Architectural Services,NA,NA,NA,NA,NA,NA,NA,,NA,Architects,NA,NA,NA,NA,NA,NA,NA,https://bakewell.cylex-uk.co.uk/company/richard-mundy-building-design-limited-21964018.html,"Construction & Contractors Bakewell,Architectural Services Bakewell,Architects Bakewell,Construction & Contractors,Architectural Services,Architects"
Mark S Thompson Timber Contractors Limited,MARK S THOMPSON TIMBER CONTRACTORS LIMITED,05038957,England/Wales,NA,02200 - Logging,09 Feb 2004,Private Limited Company,"DIAMOND COURT, WATER STREET ",DE45 1EW,Bakewell ,Derbyshire England,53.212737,-1.675772,NA,NA,NA,,NA,NA,NA,Logging Services,NA,NA,NA,NA,NA,NA,,NA,NA,NA,NA,NA,NA,NA,NA,NA,https://bakewell.cylex-uk.co.uk/company/mark-s-thompson-timber-contractors-limited-21767345.html,"Agriculture & Forestry Bakewell,Foresting & Logging Bakewell,Agriculture & Forestry,Foresting & Logging"
T Wright,NA,NA,NA,NA,NA,NA,NA,Water Lane ,DE45 1EU,Bakewell ,Derbyshire England,53.213119,-1.674650,01629 815 154,01629 636 735,NA,,NA,NA,NA,"Jewellers, Bakers, Warehousing & Storage",NA,NA,NA,NA,NA,NA,,NA,NA,NA,NA,NA,NA,NA,NA,NA,https://bakewell.cylex-uk.co.uk/company/t-wright-19907475.html,"Food & Beverages Bakewell,Food Products Bakewell,Bakeries Bakewell,Food & Beverages,Food Products,Bakeries,Shopping & Retail,Jewellery & Watches,Jewellers & Jewellery Shops"
Libcus Ltd,LIBCUS  LTD,05992811,England/Wales,Wye House Water Street Bakewell Derbyshire DE45 1EW England,70229 - Management consultancy activities other than financial management,08 Nov 2006,Private Limited Company,"WYE HOUSE, WATER STREET ",DE45 1EW,Bakewell ,Derbyshire England,53.212737,-1.675772,01629 810222,NA,NA,www.libcus.com,NA,NA,NA,"Management Consultants, Financial Management, Business Consultants",NA,NA,NA,NA,NA,NA,,https://www.facebook.com/libcuslimited,NA,NA,NA,NA,NA,NA,NA,NA,https://bakewell.cylex-uk.co.uk/company/libcus-ltd-21730536.html,"Business & Professional Services Bakewell,Business Consultants Bakewell,Business & Management Consultants Bakewell,Business & Professional Services,Business Consultants,Business & Management Consultants"
G t News,NA,NA,NA,NA,NA,NA,NA,WATER LANE ,DE45 1EU,Bakewell ,Derbyshire England,53.213541,-1.674625,01629 812689,NA,NA,,NA,"Magazines, Newspaper",NA,"Newsagents, Newsstand, News Agency, News",NA,NA,NA,NA,NA,NA,,NA,NA,NA,NA,NA,NA,NA,NA,NA,https://bakewell.cylex-uk.co.uk/company/g-t-news-14371970.html,"Media & Communications Bakewell,Newspapers & Magazines Bakewell,Media & Communications,Newspapers & Magazines"
J & a Roadsweeping Limited,J & A ROADSWEEPING LIMITED,05038743,England/Wales,"Brookhead Cottage, Water Lane Eyam Hope Valley S32 5RG",96090 - Other service activities n.e.c.,09 Feb 2004,Private Limited Company,"DIAMOND HOUSE, WATER STREET ",DE45 1EW,Bakewell ,Derbyshire England,53.212737,-1.675772,NA,NA,NA,,NA,NA,NA,"Personal Services, Business Support Services",NA,NA,NA,NA,NA,NA,,NA,NA,NA,NA,NA,NA,NA,NA,NA,https://bakewell.cylex-uk.co.uk/company/j---a-roadsweeping-limited-21481668.html,"Community & Government Bakewell,Charities & Voluntary Organisations Bakewell,Construction & Contractors,Cleaning Services,Carpet Cleaners,Community & Government,Charities & Voluntary Organisations,Business & Professional Services,Personal Services"
Mr Andrew Chalmers Bakewell,NA,NA,NA,NA,NA,NA,NA,Water Street ,DE45 1EW,Bakewell ,Derbyshire England,53.212737,-1.675772,01629 812991,(01629) 815401,NA,www.diamondcourtdental.co.uk,NA,NA,NA,NA,NA,NA,NA,NA,NA,NA,,https://twitter.com/intent/user?screen_name=denplan&original_referer=https%3a%2f%2fbakewell.cylex-uk.co.uk%2fcompany%2fmr-andrew-chalmers-bakewell-19562650.html,Dentist,NA,NA,Closed,Closed,NA,NA,NA,https://bakewell.cylex-uk.co.uk/company/mr-andrew-chalmers-bakewell-19562650.html,"Health & Medicine Bakewell,Dental Care Bakewell,Dentists & Dental Clinics Bakewell,Health & Medicine,Dental Care,Dentists & Dental Clinics"
Mr Jamie Denholm Bakewell,NA,NA,NA,NA,NA,NA,NA,Water Street ,DE45 1EW,Bakewell ,Derbyshire England,53.213008,-1.674420,01629812991,(01629) 815401,NA,www.diamondcourtdental.co.uk,NA,NA,"Orthodontic Treatment, Dental Care",NA,NA,NA,NA,NA,NA,NA,,https://twitter.com/intent/user?screen_name=denplan&original_referer=https%3a%2f%2fbakewell.cylex-uk.co.uk%2fcompany%2fmr-jamie-denholm-bakewell-19562651.html,Dentist,NA,NA,Closed,Closed,NA,NA,NA,https://bakewell.cylex-uk.co.uk/company/mr-jamie-denholm-bakewell-19562651.html,"Health & Medicine Bakewell,Dental Care Bakewell,Dentists & Dental Clinics Bakewell,Health & Medicine,Dental Care,Dentists & Dental Clinics,Health & Medicine,Dental Care,Orthodontists"
Adamas Jewellers Ltd,NA,NA,NA,NA,NA,NA,NA,1 Water Street ,DE45 1EU,Bakewell ,Derbyshire England,53.213104,-1.674402,01629 815154,01295 254108,NA,www.adamasjewellers.co.uk,NA,Gold,"charm bracelets, diamond specialists, engagement rings, engraving, gold, gold buyers, gold jewellery, gold shops, goldsmiths & silversmiths, jewellery appraisals, jewellery repairs, scrap gold, silver jewellery, wedding rings, Diamond Solitaires, Diamond Clusters, Platinum Solitaires, Diamond Trilogy, Eternity Rings, Claw Set Eternity, Diamond Dress Rings, Ruby + Diamond, Sapphire + Diamond","Jewellers, Jewellery Accessories, Jewellery Shops, Diamond Solitaire, Shopping & Retail, Jewelry & Watches Store, silversmiths & goldsmiths",NA,NA,NA,NA,NA,NA,,"https://www.facebook.com/pages/category/Jewelry---Watches-Store/Adamas-Jewellers-505677282792652,https://twitter.com/intent/user?screen_name=AdamasJewellers&original_referer=https%3a%2f%2fbakewell.cylex-uk.co.uk%2fcompany%2fadamas-jewellers-ltd-13765156.html",NA,10:00 - 17:00,10:00 - 17:00,10:00 - 17:00,11:00 - 16:30,10:00 - 17:00,10:00 - 17:00,Closed,https://bakewell.cylex-uk.co.uk/company/adamas-jewellers-ltd-13765156.html,"Shopping & Retail Bakewell,Jewellery & Watches Bakewell,Best Jewellers & Jewellery Shops Bakewell,Shopping & Retail,Jewellery & Watches,Jewellers & Jewellery Shops"
Principality Building Society Ystradgynlais,NA,NA,NA,NA,NA,NA,NA,18 Station Road ,SA9 1NT,Ystradgynlais ,Neath Port Talbot Wales,51.777120,-3.757807,0330 333 4973,NA,NA,,NA,NA,"savings accounts, arranged insurance, arranged mortgages","Building Society, Mortgages, Savings",NA,NA,NA,NA,"disabled access, parking",NA,,"https://www.facebook.com/principalitybuildingsociety,https://twitter.com/intent/user?screen_name=principalitybs&original_referer=https%3a%2f%2fystradgynlais.cylex-uk.co.uk%2fcompany%2fprincipality-building-society-ystradgynlais-19264548.html,https://www.linkedin.com/company/principality-building-society",NA,09:00 - 17:00,09:00 - 17:00,09:00 - 12:00,Closed,09:00 - 17:00,10:00 - 17:00,09:00 - 17:00,https://ystradgynlais.cylex-uk.co.uk/company/principality-building-society-ystradgynlais-19264548.html,"Finance Ystradgynlais,Financial Services Ystradgynlais,Building Societies Ystradgynlais,Finance,Financial Services,Building Societies,Finance,Mortgages,Mortgage Brokers,Finance,Mortgages,Mortgage Lenders,Finance,Insurance,Insurance Agents & Companies,Finance,Financial Consultants"
Dr Paul Flint Bakewell,NA,NA,NA,NA,NA,NA,NA,Water Street ,DE45 1EW,Bakewell ,Derbyshire England,53.213117,-1.674418,01629 812991,01629 815401,NA,www.diamondcourtdental.co.uk,NA,NA,Cosmetic Dentistry,"Orthodontics, General Dentistry",NA,NA,NA,NA,NA,NA,,"https://www.facebook.com/pages/Diamond-Court-Dental-Practice/239527749412574,https://twitter.com/intent/user?screen_name=denplan&original_referer=https%3a%2f%2fbakewell.cylex-uk.co.uk%2fcompany%2fdr-paul-flint-bakewell-19562652.html",Dental Practice,NA,NA,Closed,Closed,NA,NA,NA,https://bakewell.cylex-uk.co.uk/company/dr-paul-flint-bakewell-19562652.html,"Health & Medicine Bakewell,Dental Care Bakewell,Dentists & Dental Clinics Bakewell,Health & Medicine,Dental Care,Dentists & Dental Clinics,Health & Medicine,Dental Care,Orthodontists"
Dr Miles Grout,NA,NA,NA,NA,NA,NA,NA,Water Street ,DE45 1EW,Bakewell ,Derbyshire England,53.213117,-1.674418,01629 812 991,NA,NA,,NA,NA,NA,Warehousing & Storage,NA,NA,NA,NA,NA,NA,,NA,Dentist,NA,NA,NA,NA,NA,NA,NA,https://bakewell.cylex-uk.co.uk/company/dr-miles-grout-19917016.html,"Health & Medicine Bakewell,Dental Care Bakewell,Dentists & Dental Clinics Bakewell,Health & Medicine,Dental Care,Dentists & Dental Clinics,Health & Medicine,Medical Facilities,Clinics & Medical Centres"
Stone art,NA,NA,NA,NA,NA,NA,NA,Water Street ,DE45 1EW,Bakewell ,Derbyshire England,53.213117,-1.674418,01629 812206,NA,NA,jewellerybystoneart.co.uk,NA,NA,NA,"Gift Shop, Jewellers, Special Occasion Gifts, Fashion Jewelry, Jewellery Shops, Necklaces, Earings, Shopping & Retail, Jewelry & Watches Store",NA,NA,NA,NA,NA,NA,,"https://www.facebook.com/369545419818805/,https://twitter.com/intent/user?screen_name=bakewelljewelry&original_referer=https%3a%2f%2fbakewell.cylex-uk.co.uk%2fcompany%2fstone-art-12867555.html",NA,10:00 - 17:00,10:00 - 17:00,10:00 - 17:00,10:00 - 17:00,10:00 - 17:00,10:00 - 17:00,10:00 - 17:00,https://bakewell.cylex-uk.co.uk/company/stone-art-12867555.html,"Shopping & Retail Bakewell,Gifts & Novelties Bakewell,Best Gift Shops Bakewell,Shopping & Retail,Gifts & Novelties,Gift Shops,Shopping & Retail,Jewellery & Watches,Jewellers & Jewellery Shops"
Barclays Bank,Barclays Bank,NA,NA,NA,NA,NA,NA,Oxford House 2 Brecon Road ,SA9 1HE,Ystradgynlais ,Neath Port Talbot Wales,,,0345 734 5345,NA,NA,www.barclays.co.uk,NA,NA,"Barclays Bank Account, Barclays Personalised Card, Car Insurance, Credit cards, Home insurance, Instant Cash ISA, Life Insurance, Personal loans, Travel Insurance","Financial Services, Bank, Credit Card",NA,NA,NA,NA,NA,NA,,"https://www.facebook.com/BarclaysUK,https://twitter.com/intent/user?screen_name=barclays&original_referer=https%3a%2f%2fystradgynlais.cylex-uk.co.uk%2fcompany%2fbarclays-bank-13507596.html",NA,Closed,09:30 - 16:00,Closed,Closed,09:30 - 16:00,09:30 - 16:00,09:30 - 16:00,https://ystradgynlais.cylex-uk.co.uk/company/barclays-bank-13507596.html,"Finance Ystradgynlais,Banking Services Ystradgynlais,Best Banks & ATMs Ystradgynlais,Finance,Banking Services,Banks & ATMs,Finance,Insurance,Insurance Agents & Companies,Finance,Mortgages,Mortgage Lenders,Finance,Investment Services,Investment Companies & Brokers,Finance,Financial Services"
RGS Accountants,NA,NA,NA,NA,NA,NA,NA,5 Commercial St ,SA9 1HD,Ystradgynlais ,Neath Port Talbot Wales,51.777655,-3.758762,01639 490170,07487 732091,NA,rgsaccountants.co.uk,NA,NA,NA,NA,NA,NA,NA,NA,NA,NA,,https://www.facebook.com/RGS-Accountants-468641403330522/,NA,11:00 - 16:00,11:00 - 16:00,Closed,Closed,11:00 - 16:00,11:00 - 16:00,11:00 - 16:00,https://ystradgynlais.cylex-uk.co.uk/company/rgs-accountants-26511924.html,
J Jenkins,JANET D JENKINS LIMITED,10091627,NA,NA,69201 - Accounting and auditing activities,30 Mar 2016,Private Limited Company,6 Llys Ynyscedwyn ,SA9 1EN,Ystradgynlais ,Neath Port Talbot Wales,51.771848,-3.771760,01639 849394,NA,NA,www.jenkinsbakery.co.uk,NA,NA,NA,"Accountants, Accounting, Bookkeeping, Accountancy, Bookkeeper, Auditing, Auditors, Financial",NA,NA,NA,NA,NA,NA,,NA,NA,NA,NA,NA,NA,NA,NA,NA,https://ystradgynlais.cylex-uk.co.uk/company/j-jenkins-18855118.html,"Finance Ystradgynlais,Financial Services Ystradgynlais,Accounting & Bookkeeping Ystradgynlais,Finance,Financial Services,Accounting & Bookkeeping"
A Hallsworth Joinery Limited,A HALLSWORTH JOINERY LIMITED,08136295,England/Wales,NA,43320 - Joinery installation,10 Jul 2012,Private Limited Company,"DIAMOND HOUSE, DIAMOND COURT ",DE45 1EW,Bakewell ,Derbyshire England,53.213008,-1.674420,NA,NA,NA,,NA,NA,Joinery Installation,NA,NA,NA,NA,NA,NA,NA,,NA,NA,NA,NA,NA,NA,NA,NA,NA,https://bakewell.cylex-uk.co.uk/company/a-hallsworth-joinery-limited-22264884.html,"Construction & Contractors Bakewell,Woodworking Bakewell,Carpenters & Joiners Bakewell,Construction & Contractors,Woodworking,Carpenters & Joiners"
D.j Lewis,NA,NA,NA,NA,NA,NA,NA,23 Heol Eglwys ,SA9 1EY,Ystradgynlais ,Neath Port Talbot Wales,51.777044,-3.759809,01639 843827,01639 845571,NA,,NA,NA,NA,"Accountants, Accounting, Bookkeeping, Accountancy, Financial Services, Financial, Tax",NA,NA,NA,NA,NA,NA,,NA,NA,NA,NA,NA,NA,NA,NA,NA,https://ystradgynlais.cylex-uk.co.uk/company/d-j-lewis-12829998.html,"Finance Ystradgynlais,Financial Services Ystradgynlais,Accounting & Bookkeeping Ystradgynlais,Finance,Financial Services,Accounting & Bookkeeping"
Lumin Accountancy Ltd,NA,NA,NA,NA,NA,NA,NA,"3 Brecon Rd, The Forum Business Centre ",SA9 1HE,Ystradgynlais ,Neath Port Talbot Wales,51.777963,-3.757163,03301330344,NA,NA,www.lumin-accountancy.co.uk,NA,NA,NA,"Accountants, Management Accounts, Year End Accounts, Payroll, Tax Return, Auto Enrolment, Accountants Near Me, Finance Director Services, Accountants Ystradgynlais",NA,NA,NA,NA,NA,NA,,http://www.facebook.com/luminacc,NA,08:00 - 18:00,08:00 - 18:00,10:00 - 14:00,Closed,08:00 - 18:00,08:00 - 18:00,08:00 - 18:00,https://ystradgynlais.cylex-uk.co.uk/company/lumin-accountancy-ltd-26370908.html,"Finance Ystradgynlais,Financial Services Ystradgynlais,Chartered Accountants Ystradgynlais,Finance,Financial Services,Chartered Accountants,Finance,Financial Services,Accounting & Bookkeeping,Business & Professional Services,Business Consultants"
Dr Vanessa Rushton,NA,NA,NA,NA,NA,NA,NA,Diamond Court ,DE45 1EW,Bakewell ,Derbyshire England,53.213008,-1.674420,01629 813749,01629 813749,NA,,NA,NA,NA,"Craft Shops, Warehousing & Storage",NA,NA,NA,NA,NA,NA,,NA,NA,NA,NA,NA,NA,NA,NA,NA,https://bakewell.cylex-uk.co.uk/company/dr-vanessa-rushton-19916798.html,"Arts, Entertainment & Nightlife Bakewell,Arts & Crafts Bakewell,Arts & Crafts Supplies & Shops Bakewell,Arts, Entertainment & Nightlife,Arts & Crafts,Arts & Crafts Supplies & Shops"
Andy Davies Plant Limited,ANDY DAVIES PLANT LIMITED,06674710,England/Wales,85 Brecon Road Ystradgynlais Powys SA9 1HJ,77320 - Renting and leasing of construction and civil engineering machinery and equipment,18 Aug 2008,Private Limited Company,85 BRECON ROAD ,SA9 1HJ,Ystradgynlais ,Neath Port Talbot Wales,51.779926,-3.752893,NA,NA,NA,,NA,NA,NA,"Construction Equipment Hire, Plant Hire",NA,NA,NA,NA,NA,NA,,NA,Dormant Companies,NA,NA,NA,NA,NA,NA,NA,https://ystradgynlais.cylex-uk.co.uk/company/andy-davies-plant-limited-22297322.html,"Finance Ystradgynlais,Financial Services Ystradgynlais,Accounting & Bookkeeping Ystradgynlais,Finance,Financial Services,Accounting & Bookkeeping,Construction & Contractors,Construction Equipment,Construction Equipment Hire"
Mills Chalmers & Associates,NA,NA,NA,NA,NA,NA,NA,"Diamond Court Dental Practice, Tthe Square ",DE45 1EW,Bakewell ,Derbyshire England,53.213008,-1.674420,01629 812991,NA,NA,,NA,NA,NA,NA,NA,NA,NA,NA,NA,NA,,NA,Dentist,NA,NA,NA,NA,NA,NA,NA,https://bakewell.cylex-uk.co.uk/company/mills-chalmers---associates-16295520.html,"Health & Medicine Bakewell,Dental Care Bakewell,Dentists & Dental Clinics Bakewell,Health & Medicine,Dental Care,Dentists & Dental Clinics"
Gwent Hydraulics Limited,GWENT HYDRAULICS LIMITED,03021553,England/Wales,NA,28410 - Manufacture of metal forming machinery,14 Feb 1995,Private Limited Company,Diamond House;Diamond Court ,DE45 1EW,Bakewell ,Derbyshire England,53.213008,-1.674420,NA,NA,NA,,NA,NA,NA,"Manufacture of Metal Forming Machinery, Machine Tool Manufacturers",NA,NA,NA,NA,NA,NA,,NA,NA,NA,NA,NA,NA,NA,NA,NA,https://bakewell.cylex-uk.co.uk/company/gwent-hydraulics-limited-21406079.html,"Industry & Manufacturing Bakewell,Industrial Goods Bakewell,Metalworking Equipment & Supplies Bakewell,Industry & Manufacturing,Industrial Goods,Metalworking Equipment & Supplies,Industry & Manufacturing,Industrial Goods,Machine Tools"
Spencer Rhodes Holdings Limited,SPENCER RHODES HOLDINGS LIMITED,03428633,England/Wales,NA,96090 - Other service activities n.e.c.,03 Sep 1997,Private Limited Company,"DIAMOND HOUSE, DIAMOND COURT ",DE45 1EW,Bakewell ,Derbyshire England,53.213008,-1.674420,NA,NA,NA,,NA,NA,NA,"Personal Services, Business Support Services",NA,NA,NA,NA,NA,NA,,NA,NA,NA,NA,NA,NA,NA,NA,NA,https://bakewell.cylex-uk.co.uk/company/spencer-rhodes-holdings-limited-22051113.html,"Community & Government Bakewell,Charities & Voluntary Organisations Bakewell,Construction & Contractors,Cleaning Services,Carpet Cleaners,Community & Government,Charities & Voluntary Organisations,Business & Professional Services,Personal Services"
Ads2life Digital Services Ltd,ADS2LIFE DIGITAL SERVICES LTD,08158817,England/Wales,NA,58110 - Book publishing,27 Jul 2012,Private Limited Company,"DAVID F LEE ASSOCIATES DIAMOND HOUSE,, DIAMOND COURT ",DE45 1EW,Bakewell ,Derbyshire England,53.213008,-1.674420,NA,NA,NA,,NA,NA,NA,"Advertising Agency, Publishers, Book Publishing, Performing Arts Services",NA,NA,NA,NA,NA,NA,,NA,NA,NA,NA,NA,NA,NA,NA,NA,https://bakewell.cylex-uk.co.uk/company/ads2life-digital-services-ltd-21004442.html,"Business & Professional Services Bakewell,Writing & Publishing Bakewell,Book Printing & Publishing Bakewell,Business & Professional Services,Writing & Publishing,Book Printing & Publishing,Business & Professional Services,Writing & Publishing,Publishers,Business & Professional Services,Advertising Services,Advertising Agencies,Arts, Entertainment & Nightlife,Performing Arts"
C.q.a. International Ltd,C.Q.A. INTERNATIONAL LTD,03613866,England/Wales,NA,96090 - Other service activities not elsewhere classified,12 Aug 1998,Private Limited Company,"DIAMOND HOUSE, DIAMOND COURT ",DE45 1EW,Bakewell ,Derbyshire England,53.213008,-1.674420,NA,NA,NA,,NA,NA,NA,"Personal Services, Business Support Services",NA,NA,NA,NA,NA,NA,,NA,NA,NA,NA,NA,NA,NA,NA,NA,https://bakewell.cylex-uk.co.uk/company/c-q-a--international-ltd-21143415.html,"Community & Government Bakewell,Charities & Voluntary Organisations Bakewell,Construction & Contractors,Cleaning Services,Carpet Cleaners,Community & Government,Charities & Voluntary Organisations,Business & Professional Services,Personal Services"
Caroline Hutson-Environmental Consultancy Limited,CAROLINE HUTSON-ENVIRONMENTAL CONSULTANCY LIMITED,08240202,England/Wales,NA,74901 - Environmental consulting activities,04 Oct 2012,Private Limited Company,"DIAMOND HOUSE, DIAMOND COURT ",DE45 1EW,Bakewell ,Derbyshire England,53.213008,-1.674420,NA,NA,NA,,NA,NA,NA,Environmental Consultants,NA,NA,NA,NA,NA,NA,,NA,NA,NA,NA,NA,NA,NA,NA,NA,https://bakewell.cylex-uk.co.uk/company/caroline-hutson-environmental-consultancy-limited-21156200.html,"Business & Professional Services Bakewell,Environmental & Ecological Services Bakewell,Environmental Consultants Bakewell,Business & Professional Services,Environmental & Ecological Services,Environmental Consultants"
Penrhos Social Club & Institute,NA,NA,NA,NA,NA,NA,NA,329 Brecon Rd,SA9 1QX,Swansea ,Swansea Wales,51.786173,-3.742318,01639 843103,01639 849482,NA,,NA,NA,NA,"Social Club, Social Clubs & Associations, Associations, Leisure Cultural, Club, Clubs & Associations",NA,NA,NA,NA,NA,NA,,https://www.facebook.com/pages/category/Pub/Penrhos-Social-Club-198699370681209,NA,NA,NA,NA,NA,NA,NA,NA,https://swansea.cylex-uk.co.uk/company/penrhos-social-club---institute-14542597.html,"Community & Government Swansea,Organisations, Associations & Clubs Swansea,Social Clubs Swansea,Community & Government,Organisations, Associations & Clubs,Social Clubs"
P.J Wrieden Limited,P.J WRIEDEN LIMITED,04884079,England/Wales,NA,96090 - Other service activities n.e.c.,01 Sep 2003,Private Limited Company,"DIAMOND HOUSE, DIAMOND COURT ",DE45 1EW,Bakewell ,Derbyshire England,53.213008,-1.674420,NA,NA,NA,,NA,NA,NA,"Personal Services, Business Support Services",NA,NA,NA,NA,NA,NA,,NA,NA,NA,NA,NA,NA,NA,NA,NA,https://bakewell.cylex-uk.co.uk/company/p-j-wrieden-limited-21599444.html,"Community & Government Bakewell,Charities & Voluntary Organisations Bakewell,Construction & Contractors,Cleaning Services,Carpet Cleaners,Community & Government,Charities & Voluntary Organisations,Business & Professional Services,Personal Services"
Office Revolt Limited,OFFICE REVOLT LIMITED,06628094,England/Wales,NA,74990 - Non-trading company,24 Jun 2008,Private Limited Company,62-64 Commercial Street ,SA9 2HS,Ystalyfera ,Neath Port Talbot Wales,51.778865,-3.759597,NA,NA,NA,,NA,NA,NA,"Business Organisations, Non-Trading Company",NA,NA,NA,NA,NA,NA,,NA,NA,NA,NA,NA,NA,NA,NA,NA,https://ystalyfera.cylex-uk.co.uk/company/office-revolt-limited-20663620.html,"Community & Government Ystalyfera,Organisations, Associations & Clubs Ystalyfera,Business & Trade Organisations Ystalyfera,Community & Government,Organisations, Associations & Clubs,Business & Trade Organisations"
Gurnos Youth Centre,NA,NA,NA,NA,NA,NA,NA,"Spencer Terrace, Lower Cwmtwrch",SA9 1EE,Swansea ,Swansea Wales,51.774491,-3.773816,01639 843496,01452 311088,NA,,NA,NA,NA,"Youth Organisations, Youth Centre, Centres, Voluntary, Organisations, Youth Organisations & Centres",NA,NA,NA,NA,NA,NA,,NA,NA,NA,NA,NA,NA,NA,NA,NA,https://swansea.cylex-uk.co.uk/company/gurnos-youth-centre-15625456.html,"Community & Government Swansea,Organisations, Associations & Clubs Swansea,Youth Organisations, Centres & Clubs Swansea,Community & Government,Organisations, Associations & Clubs,Youth Organisations, Centres & Clubs"
R.A.B. Associates (UK) Limited,R.A.B. ASSOCIATES (UK) LIMITED,04647209,England/Wales,NA,42990 - Construction of other civil engineering projects n.e.c.,24 Jan 2003,Private Limited Company,"DIAMOND HOUSE, DIAMOND COURT ",DE45 1EW,Bakewell ,Derbyshire England,53.213008,-1.674420,NA,NA,NA,,NA,NA,Civil Engineering,NA,NA,NA,NA,NA,NA,NA,,NA,NA,NA,NA,NA,NA,NA,NA,NA,https://bakewell.cylex-uk.co.uk/company/r-a-b--associates--uk--limited-21939644.html,"Construction & Contractors Bakewell,Asphalt & Tarmac Contractors Bakewell,Construction & Contractors,Engineering,Civil Engineering,Construction & Contractors,Asphalt & Tarmac Contractors,Construction & Contractors,Underpinning & Foundation Engineers & Contractors"
Hawthorn Villas Residents Association Limited,HAWTHORN VILLAS RESIDENTS ASSOCIATION LIMITED,03110103,England/Wales,NA,98000 - Residents property management,04 Oct 1995,"PRI/LTD BY GUAR/NSC (Private, limited by guarantee, no share capital)","1 HAWTHORN VILLAS, BRECON ROAD ",SA9 1HG,Ystradgynlais ,Neath Port Talbot Wales,51.777583,-3.755720,NA,NA,NA,,NA,NA,NA,"Property Management, Residents Property Management",NA,NA,NA,NA,NA,NA,,NA,NA,NA,NA,NA,NA,NA,NA,NA,https://ystradgynlais.cylex-uk.co.uk/company/hawthorn-villas-residents-association-limited-20446405.html,"Real Estate Ystradgynlais,Real Estate Services Ystradgynlais,Property & Estate Management Ystradgynlais,Real Estate,Real Estate Services,Property & Estate Management"
Frepau Properties Limited,FREPAU PROPERTIES LIMITED,02731612,England/Wales,NA,96090 - Other service activities not elsewhere classified,15 Jul 1992,Private Limited Company,"DIAMOND HOUSE, DIAMOND COURT ",DE45 1EW,Bakewell ,Derbyshire England,53.213008,-1.674420,NA,NA,NA,,NA,NA,NA,"Personal Services, Business Support Services",NA,NA,NA,NA,NA,NA,,NA,NA,NA,NA,NA,NA,NA,NA,NA,https://bakewell.cylex-uk.co.uk/company/frepau-properties-limited-21356661.html,"Community & Government Bakewell,Charities & Voluntary Organisations Bakewell,Construction & Contractors,Cleaning Services,Carpet Cleaners,Community & Government,Charities & Voluntary Organisations,Business & Professional Services,Personal Services"
Drama Association Of Wales,NA,NA,NA,NA,NA,NA,NA,101 Dolfain ,SA9 1QS,Ystradgynlais ,Neath Port Talbot Wales,51.784379,-3.750435,029 2039 1331,07870 218225,NA,www.dramawales.org.uk,NA,NA,NA,NA,NA,NA,NA,NA,NA,NA,,"https://www.facebook.com/DramaAssociationOfWales?fref=ts,https://twitter.com/intent/user?screen_name=DramaWales&original_referer=https%3a%2f%2fystradgynlais.cylex-uk.co.uk%2fcompany%2fdrama-association-of-wales-27165819.html",NA,NA,NA,NA,NA,NA,NA,NA,https://ystradgynlais.cylex-uk.co.uk/company/drama-association-of-wales-27165819.html,
Ystradgynlais r f C,NA,NA,NA,NA,NA,NA,NA,YNYSCEDWYN ROAD,SA9 1HB,Ystradgynlais ,Neath Port Talbot Wales,51.772455,-3.763294,01639 842446,01639 842948,NA,,NA,NA,Entertainment,"Sports Club, Sports Association, Athletics Club, Sports Clubs and Associations, Leisure, Sports, Associations",NA,NA,NA,NA,NA,NA,,https://twitter.com/intent/user?screen_name=ystradbluesrfc&original_referer=https%3a%2f%2fystradgynlais.cylex-uk.co.uk%2fcompany%2fystradgynlais-r-f-c-15717919.html,NA,NA,NA,NA,NA,NA,NA,NA,https://ystradgynlais.cylex-uk.co.uk/company/ystradgynlais-r-f-c-15717919.html,"Sports & Recreation Ystradgynlais,Sports Clubs Ystradgynlais,Sports & Recreation,Sports Clubs"
Headway,NA,NA,NA,NA,NA,NA,NA,Pen-Y-Bryn,SA9 1JB,Ystradgynlais ,Neath Port Talbot Wales,51.783956,-3.753284,01792 529615,NA,NA,www.headwaysouthwestwales.org.uk,headwaysouthpowys@hotmail.com,NA,"drop in, family and carer support, information, service user groups","Charity Shops, Informations, Brain Injury Association, Drop",NA,NA,NA,NA,NA,NA,,"https://www.facebook.com/headwayuk,https://twitter.com/intent/user?screen_name=headwayuk&original_referer=https%3a%2f%2fystradgynlais.cylex-uk.co.uk%2fcompany%2fheadway-25814754.html,https://www.youtube.com/user/headwayuk",NA,NA,NA,NA,NA,NA,NA,NA,https://ystradgynlais.cylex-uk.co.uk/company/headway-25814754.html,"Community & Government Ystradgynlais,Charities & Voluntary Organisations Ystradgynlais,Community & Government,Charities & Voluntary Organisations,Community & Government,Charity Shops"
Y.C.P. Limited,Y.C.P. LIMITED,02800402,England/Wales,NA,74990 - Non-trading company,17 Mar 1993,Private Limited Company,30 HEOL EGLWYS ,SA9 1EY,Ystradgynlais ,Neath Port Talbot Wales,51.777394,-3.758647,NA,NA,NA,,NA,NA,NA,"Business Organisations, Non-Trading Company",NA,NA,NA,NA,NA,NA,,NA,NA,NA,NA,NA,NA,NA,NA,NA,https://ystradgynlais.cylex-uk.co.uk/company/y-c-p--limited-22967359.html,"Community & Government Ystradgynlais,Organisations, Associations & Clubs Ystradgynlais,Business & Trade Organisations Ystradgynlais,Community & Government,Organisations, Associations & Clubs,Business & Trade Organisations"
Associated Community Training (ACT),NA,NA,NA,NA,NA,NA,NA,Tudor Street ,SA9 1AP,Ystradgynlais ,Neath Port Talbot Wales,51.767041,-3.769447,07841 038081,NA,NA,www.acttraining.org.uk,NA,NA,"hairdressing courses, barbering courses, automative engineering courses, construction courses, hospitality courses",Training Services,NA,NA,NA,NA,NA,NA,,"https://www.facebook.com/acttraining,https://twitter.com/intent/user?screen_name=acttrainingltd&original_referer=https%3a%2f%2fystradgynlais.cylex-uk.co.uk%2fcompany%2fassociated-community-training--act--25833112.html,https://www.linkedin.com/company/act-training?trk=tyah,https://www.flickr.com/photos/94212520@N02/",NA,NA,NA,NA,NA,NA,NA,NA,https://ystradgynlais.cylex-uk.co.uk/company/associated-community-training--act--25833112.html,"Education Ystradgynlais,Training Services Ystradgynlais,Best Training Centres & Courses Ystradgynlais,Education,Training Services,Training Centres & Courses"
Great Price Locksmith,NA,NA,NA,NA,NA,NA,NA,5 Yorkshire St ,OL13 9AE,Bacup ,Lancashire England,53.703888,-2.199525,01706 541367,NA,NA,,NA,NA,NA,NA,NA,NA,NA,NA,NA,NA,,NA,NA,NA,NA,NA,NA,NA,NA,NA,https://bacup.cylex-uk.co.uk/company/great-price-locksmith-26683410.html,
L J Hughes,NA,NA,NA,NA,NA,NA,NA,"Echo Warren, Wykham Lane ",OX16 9UP,Banbury ,Oxfordshire England,52.039154,-1.352723,01295 264395,07860 838731,01295 262610,,NA,NA,NA,NA,NA,NA,NA,NA,NA,NA,,NA,Building Contractors,NA,NA,NA,NA,NA,NA,NA,https://banbury.cylex-uk.co.uk/company/l-j-hughes-16251586.html,"Construction & Contractors Banbury,Home Improvement Banbury,Loft Conversions Banbury,Construction & Contractors,Home Improvement,Loft Conversions"
Conservative Club,NA,NA,NA,NA,NA,NA,NA,Club Lane ,SA9 1NU,Ystradgynlais ,Neath Port Talbot Wales,51.777222,-3.757152,01639 842152,NA,NA,,NA,NA,NA,Associations,NA,NA,NA,NA,NA,NA,,NA,NA,NA,NA,NA,NA,NA,NA,NA,https://ystradgynlais.cylex-uk.co.uk/company/conservative-club-13524856.html,"Community & Government Ystradgynlais,Organisations, Associations & Clubs Ystradgynlais,Community & Government,Organisations, Associations & Clubs"
Little Queens,NA,NA,NA,NA,NA,NA,NA,12 Yorkshire Street ,OL13 9AE,Bacup ,Lancashire England,53.703700,-2.200380,01706 876183,0871 951 1000,NA,,NA,NA,NA,NA,NA,NA,NA,NA,NA,NA,,https://www.facebook.com/pages/category/Pub/Little-Queens-Bacup-2088594231417330,NA,11:30 - 23:30,11:30 - 23:30,11:30 - 23:30,12:00 - 22:00,11:30 - 23:30,11:30 - 23:30,11:30 - 23:30,https://bacup.cylex-uk.co.uk/company/little-queens-26507567.html,
Bacup Natural History Society & Museum,NA,NA,NA,NA,NA,NA,NA,24 Yorkshire Street ,OL13 9AE,Bacup ,Lancashire England,53.703923,-2.199832,07491 005405,NA,NA,bacupnaturalhistorysociety.co.uk,NA,NA,NA,NA,NA,NA,NA,NA,NA,NA,,NA,NA,19:30 - 22:00,Closed,Closed,Closed,Closed,Closed,Closed,https://bacup.cylex-uk.co.uk/company/bacup-natural-history-society---museum-26386960.html,
Ali Barbers,NA,NA,NA,NA,NA,NA,NA,16 Yorkshire Street ,OL13 9AE,Bacup ,Lancashire England,53.703770,-2.200312,07817 035160,NA,NA,,NA,NA,NA,NA,NA,NA,NA,NA,NA,NA,,https://www.facebook.com/Ali-Barbers-Bacup-1217069594986306/about/,NA,09:30 - 17:00,09:30 - 17:00,09:30 - 14:00,Closed,09:30 - 15:00,09:30 - 15:00,09:30 - 15:00,https://bacup.cylex-uk.co.uk/company/ali-barbers-26386955.html,
Banbury Animal Rescue & Kindness Service,NA,NA,NA,NA,NA,NA,NA,80 Wykham Pl ,OX16 9HZ,Banbury ,Oxfordshire England,52.049779,-1.345843,01295 262719,07427 063178,NA,www.barks.org.uk,NA,NA,NA,NA,NA,NA,NA,NA,NA,NA,,NA,NA,NA,NA,NA,NA,NA,NA,NA,https://banbury.cylex-uk.co.uk/company/banbury-animal-rescue---kindness-service-26384207.html,
Pizza & Kebab House,NA,NA,NA,NA,NA,NA,NA,5 Yorkshire Street ,OL13 9AE,Bacup ,Lancashire England,53.703531,-2.200290,01706 877077,07837 338360,NA,tonyspizzakebab.co.uk,NA,NA,NA,"Takeaway, Sandwich Shop, Pizzeria",NA,NA,NA,NA,NA,NA,,https://www.facebook.com/Tonys-Pizza-and-Kebab-house-1428980894056316,NA,Closed,16:00 - 01:00,16:00 - 01:00,Closed,Closed,Closed,Closed,https://bacup.cylex-uk.co.uk/company/pizza---kebab-house-16360084.html,"Food & Beverages Bacup,Best Takeaway Bacup,Food & Beverages,Takeaway"
Little Monkeys,NA,NA,NA,NA,NA,NA,NA,9 Yorkshire Street ,OL13 9AE,Bacup ,Lancashire England,53.703716,-2.200093,01706 872743,NA,NA,,NA,Childrenswear,NA,Clothing Shops,NA,NA,NA,NA,NA,NA,,NA,NA,NA,NA,NA,NA,NA,NA,NA,https://bacup.cylex-uk.co.uk/company/little-monkeys-16262873.html,"Shopping & Retail Bacup,Clothing & Accessories Bacup,Clothing Shops Bacup,Shopping & Retail,Clothing & Accessories,Clothing Shops"
J D Vintiques,NA,NA,NA,NA,NA,NA,NA,9-11 Yorkshire Street ,OL13 9AE,Bacup ,Lancashire England,53.703615,-2.200106,07902 448910,NA,NA,,NA,NA,NA,NA,NA,NA,NA,NA,NA,NA,,NA,NA,NA,NA,NA,NA,NA,NA,NA,https://bacup.cylex-uk.co.uk/company/j-d-vintiques-26386954.html,
Dr f f Azad,NA,NA,NA,NA,NA,NA,NA,Yorkshire Street ,OL13 9AE,Bacup ,Lancashire England,53.703793,-2.199893,01706 876922,01706 877037,NA,,NA,NA,NA,NA,NA,NA,NA,NA,NA,NA,,NA,Doctors,NA,NA,NA,NA,NA,NA,NA,https://bacup.cylex-uk.co.uk/company/dr-f-f-azad-16078544.html,"Health & Medicine Bacup,Medical Facilities Bacup,Clinics & Medical Centres Bacup,Health & Medicine,Medical Facilities,Clinics & Medical Centres"
Bachem Pharmacy Ltd,NA,NA,NA,NA,NA,NA,NA,YORKSHIRE STREET ,OL13 9AE,Bacup ,Lancashire England,53.703793,-2.199893,01706 876201,01386 423900,NA,,NA,Drugs,Prescriptions,"Pharmacy, Pharmacist, Medication, Medicines, Pain-Killer, Health",NA,NA,NA,NA,NA,NA,,NA,"Dispensing Chemists, Chemists",NA,NA,NA,NA,NA,NA,NA,https://bacup.cylex-uk.co.uk/company/bachem-pharmacy-ltd-13692002.html,"Health & Medicine Bacup,Pharmacies Bacup,Health & Medicine,Pharmacies"
Easylet Property Management,NA,NA,NA,NA,NA,NA,NA,7 Yorkshire Street ,OL13 9AE,Bacup ,Lancashire England,53.703671,-2.200172,01706 878287,NA,NA,,NA,NA,NA,"Estate Agents, Property Management, Property Lettings",NA,NA,NA,NA,NA,NA,,NA,NA,NA,NA,NA,NA,NA,NA,NA,https://bacup.cylex-uk.co.uk/company/easylet-property-management-16103719.html,"Real Estate Bacup,Real Estate Services Bacup,Estate Agents Bacup,Real Estate,Real Estate Services,Estate Agents"
OH MY NOSH! LIMITED,OH MY NOSH! LIMITED,10232928,England/Wales,NA,NA,15 Jun 2016,Private Limited Company,2 The Limes ,GL9 1EH,Badminton ,Gloucestershire England,51.541912,-2.285902,NA,NA,NA,,NA,NA,NA,NA,NA,NA,NA,NA,NA,NA,,NA,NA,NA,NA,NA,NA,NA,NA,NA,https://badminton.cylex-uk.co.uk/company/oh-my-nosh--limited-24849851.html,
Dr S S Bondre,NA,NA,NA,NA,NA,NA,NA,Yorkshire Street ,OL13 9AE,Bacup ,Lancashire England,53.703736,-2.200035,01706 876922,01706 877037,NA,,NA,NA,NA,NA,NA,NA,NA,NA,NA,NA,,NA,Doctors,NA,NA,NA,NA,NA,NA,NA,https://bacup.cylex-uk.co.uk/company/dr-s-s-bondre-16092801.html,"Health & Medicine Bacup,Doctors & Medical Practitioners Bacup,Health & Medicine,Doctors & Medical Practitioners"
Turfsure Limited,TURFSURE LIMITED,06471730,England/Wales,"14 Devizes Road, Old Town Swindon Wiltshire SN1 4BH",93110 - Operation of sports facilities,14 Jan 2008,Private Limited Company,2 THE LIMES ,GL9 1EH,Badminton ,Gloucestershire England,51.541912,-2.285902,NA,NA,NA,,NA,NA,NA,"Leisure Centre, Sports Facilities, Sports Centre, Sports Ground",NA,NA,NA,NA,NA,NA,,NA,NA,NA,NA,NA,NA,NA,NA,NA,https://badminton.cylex-uk.co.uk/company/turfsure-limited-22923750.html,"Sports & Recreation Badminton,Golf Badminton,Golf Courses & Clubs Badminton,Sports & Recreation,Golf,Golf Courses & Clubs,Sports & Recreation,Exercise & Fitness,Gyms & Fitness Centres"
VICKY IRONSIDE LIMITED,VICKY IRONSIDE LIMITED,08627669,England/Wales,NA,75000 - Veterinary activities,29 Jul 2013,Private Limited Company,The Crest Yeld Road ,DE45 1FJ,Bakewell ,Derbyshire England,53.209415,-1.678690,NA,NA,NA,,NA,NA,NA,Veterinarian,NA,NA,NA,NA,NA,NA,,NA,NA,NA,NA,NA,NA,NA,NA,NA,https://bakewell.cylex-uk.co.uk/company/vicky-ironside-limited-25251603.html,"Pets & Animals Bakewell,Veterinary Services Bakewell,Veterinarians Bakewell,Pets & Animals,Veterinary Services,Veterinarians"
Badminton Horse Trials Ltd,BADMINTON HORSE TRIALS LTD,03270324,England/Wales,NA,93110 - Operation of sports facilities,28 Oct 1996,Private Limited Company,THE ESTATE OFFICE ,GL9 1DD,Badminton ,Gloucestershire England,51.543223,-2.282853,NA,NA,NA,,NA,NA,NA,"Leisure Centre, Sports Facilities, Sports Centre, Sports Ground",NA,NA,NA,NA,NA,NA,,NA,NA,NA,NA,NA,NA,NA,NA,NA,https://badminton.cylex-uk.co.uk/company/badminton-horse-trials-ltd-21070647.html,"Sports & Recreation Badminton,Golf Badminton,Golf Courses & Clubs Badminton,Sports & Recreation,Golf,Golf Courses & Clubs,Sports & Recreation,Exercise & Fitness,Gyms & Fitness Centres"
Peak District Enterprises Ltd,PEAK DISTRICT ENTERPRISES LTD,07072072,England/Wales,14 Park Road Bakewell Derbyshire DE45 1AX England,70229 - Management consultancy activities other than financial management,11 Nov 2009,Private Limited Company,53 YELD ROAD ,DE45 1FW,Bakewell ,Derbyshire England,53.206570,-1.680383,NA,NA,NA,,NA,NA,NA,"Management Consultants, Financial Management, Business Consultants",NA,NA,NA,NA,NA,NA,,NA,NA,NA,NA,NA,NA,NA,NA,NA,https://bakewell.cylex-uk.co.uk/company/peak-district-enterprises-ltd-21882233.html,"Business & Professional Services Bakewell,Business Consultants Bakewell,Business & Management Consultants Bakewell,Business & Professional Services,Business Consultants,Business & Management Consultants"
Dorota Holden Photography,NA,NA,NA,NA,NA,NA,NA,Yeld Road ,DE45 1FJ,Bakewell ,Derbyshire England,53.210285,-1.679216,07817 424672,NA,NA,www.dorotaholdenphotography.com,NA,NA,NA,NA,NA,NA,NA,NA,NA,NA,,https://www.facebook.com/dorotaholdenphotography,NA,NA,NA,NA,NA,NA,NA,NA,https://bakewell.cylex-uk.co.uk/company/dorota-holden-photography-26621849.html,
The Old Vicarage,NA,NA,NA,NA,NA,NA,NA,Yeld Road ,DE45 1FJ,Bakewell ,Derbyshire England,53.209380,-1.678658,01629 814659,01629 814330,NA,www.westwickgroup.com,NA,NA,Healthcare,"Residential Care Homes, Care Homes, Assisted Living, Personal Care Services, Nursing Home, Retirement Homes, Dementia Care, Residential Homes, Assisted Living Facilities, Rest Homes, Nursing Care Homes, Convalescent Homes, Elderly Care Homes, Old People's Homes, Home Care Services, Carers, Home Care Agency, Learning Difficulties, Community, Old Age 65, Residential, Home Care, Homes, Care Services, Social Interaction, Welfare, Physical Disability",NA,NA,NA,NA,NA,NA,,NA,Hospitals and Medical Establishments,NA,NA,NA,NA,NA,NA,NA,https://bakewell.cylex-uk.co.uk/company/the-old-vicarage-13489876.html,"Health & Medicine Bakewell,Residential Care Bakewell,Residential, Retirement & Care Homes Bakewell,Health & Medicine,Residential Care,Residential, Retirement & Care Homes,Health & Medicine,Residential Care,Nursing & Convalescent Homes"
Goboka Rwanda Trust,NA,NA,NA,NA,NA,NA,NA,"Yeld Road, Tanglewood House ",DE45 1FJ,Bakewell ,Derbyshire England,53.210136,-1.679082,01629 813824,07974 133091,NA,www.thegobokarwandatrust.co.uk,NA,NA,NA,NA,NA,NA,NA,NA,NA,NA,,"https://www.facebook.com/Thegobokarwandatrust/,https://twitter.com/intent/user?screen_name=Goboka_Trust&original_referer=https%3a%2f%2fbakewell.cylex-uk.co.uk%2fcompany%2fgoboka-rwanda-trust-26622714.html",NA,NA,NA,NA,NA,NA,NA,NA,https://bakewell.cylex-uk.co.uk/company/goboka-rwanda-trust-26622714.html,
Cysgod Y Garn,NA,NA,NA,NA,NA,NA,NA,FRONGOCH ,LL23 7NT,Fron Goch ,Gwynedd Wales,52.939862,-3.634556,01678 521457,07527 897608,NA,www.fron-goch.co.uk,NA,NA,NA,"Accommodation, Guest House, Bed and Breakfast",NA,NA,NA,NA,NA,NA,,NA,NA,NA,NA,NA,NA,NA,NA,NA,https://fron-goch.cylex-uk.co.uk/company/cysgod-y-garn-18880111.html,"Travel & Tourism Fron Goch,Accommodation Fron Goch,Hotels Fron Goch,Travel & Tourism,Accommodation,Hotels"
Balabunkhouse,NA,NA,NA,NA,NA,NA,NA,"Tomen Y Castell, Llanfor ",LL23 7HD,Llanfor ,Gwynedd Wales,52.924012,-3.560382,01678 520738,01642 617258,NA,www.balabunkhouse.co.uk,info@balabunkhouse.co.uk,NA,NA,"Guest House, Hostels",NA,NA,NA,NA,NA,NA,,NA,NA,08:00 - 22:00,08:00 - 22:00,08:00 - 22:00,08:00 - 22:00,08:00 - 22:00,08:00 - 22:00,08:00 - 22:00,https://llanfor.cylex-uk.co.uk/company/balabunkhouse-17046302.html,"Travel & Tourism Llanfor,Accommodation Llanfor,Hotels Llanfor,Travel & Tourism,Accommodation,Hotels"
J.d Evans,NA,NA,NA,NA,NA,NA,NA,Ty Isaf ,LL23 7PP,Rhosygwalia ,Gwynedd Wales,52.907468,-3.551809,01678 520574,NA,NA,www.tyisafbala.co.uk,NA,NA,Holiday Caravans,"Caravan Park, Tent Camping, Camping Sites, Camp, Caravan Sites, Static Caravan Hire, Caravan Camping Site, Farming, Livestock, Animal Farming, Livestock Farming, Camping, Campsites, Caravans, Campground, Static Caravans, Camping Parks, Animal Husbandry, Caravan Hire, Fishing, Holidays, Tourism, Short Breaks, Bivouac, Things to Do, Weekend Breaks, Sea Fishing, Salmon Fishing, Activity Holidays, Farming Livestock and Other Animals",NA,NA,NA,NA,NA,NA,,NA,NA,NA,NA,NA,NA,NA,NA,NA,https://rhosygwalia.cylex-uk.co.uk/company/j-d-evans-12843921.html,"Travel & Tourism Rhosygwalia,Accommodation Rhosygwalia,Holiday Camps & Centres Rhosygwalia,Travel & Tourism,Accommodation,Holiday Camps & Centres,Agriculture & Forestry,Farming,Farms,Travel & Tourism,Caravan Parks"
Bala Lake Hotel,NA,NA,NA,NA,NA,NA,NA,LLANGOWER,LL23 7BT,Llangower ,Gwynedd Wales,52.890098,-3.607725,01678 521585,01678 521202,NA,www.booking.com/city/gb/llangower.en-gb.html,NA,NA,NA,"Hotel, Hotels & Inns",NA,NA,NA,NA,NA,NA,,https://twitter.com/intent/user?screen_name=bookingcom&original_referer=https%3a%2f%2fllangower.cylex-uk.co.uk%2fcompany%2fbala-lake-hotel-13322482.html,NA,NA,NA,NA,NA,NA,NA,NA,https://llangower.cylex-uk.co.uk/company/bala-lake-hotel-13322482.html,"Travel & Tourism Llangower,Accommodation Llangower,Hotels Llangower,Travel & Tourism,Accommodation,Hotels"
Pen Y Garth Lodge Park,NA,NA,NA,NA,NA,NA,NA,Pen Y Garth ,LL23 7ES,Rhosygwalia ,Gwynedd Wales,52.900072,-3.573200,01678 520485,NA,NA,www.penygarth.com,NA,NA,NA,NA,NA,NA,NA,NA,NA,NA,,"http://www.facebook.com/PenYGarthLodgePark,https://twitter.com/intent/user?screen_name=PenyGarth&original_referer=https%3a%2f%2frhosygwalia.cylex-uk.co.uk%2fcompany%2fpen-y-garth-lodge-park-23801873.html",NA,NA,NA,NA,NA,NA,NA,NA,https://rhosygwalia.cylex-uk.co.uk/company/pen-y-garth-lodge-park-23801873.html,"Travel & Tourism Rhosygwalia,Accommodation Rhosygwalia,Hotels Rhosygwalia,Travel & Tourism,Accommodation,Hotels"
Springpark Limited,SPRINGPARK LIMITED,SC197795,Scotland,19/9 Harlaw Road Balerno Midlothian EH14 7AZ Scotland,49320 - Taxi operation,05 Jul 1999,Private Limited Company,27 WHITELEA ROAD ,EH14 7HE,Balerno ,City Of Edinburgh Scotland,55.875815,-3.343841,NA,NA,NA,,NA,NA,Taxi Service,NA,NA,NA,NA,NA,NA,NA,,NA,NA,NA,NA,NA,NA,NA,NA,NA,https://balerno.cylex-uk.co.uk/company/springpark-limited-22857370.html,"Transportation Balerno,Transportation Services Balerno,Taxis & Private Hire Balerno,Transportation,Transportation Services,Taxis & Private Hire"
Bryniau Golau,NA,NA,NA,NA,NA,NA,NA,Bryniau Golau ,LL23 7BT,Llangower ,Gwynedd Wales,52.890098,-3.607725,01678 521782,07929 593319,NA,www.bryniau-golau.co.uk,NA,"food, drink, Fresh Flowers","accommodation, Spa","Guest House, Drinks, Foods, Lakeview",NA,NA,NA,NA,"spa, lake view, tv, tea making facilities, coffee making facilities, fresh flowers, champagne weekends",NA,,NA,NA,NA,NA,NA,NA,NA,NA,NA,https://llangower.cylex-uk.co.uk/company/bryniau-golau-19126852.html,"Travel & Tourism Llangower,Accommodation Llangower,Best Hotels Llangower,Travel & Tourism,Accommodation,Hotels"
Ceunant Isaf Bed & Breakfast,NA,NA,NA,NA,NA,NA,NA,All Calls will Be Returned After 5Pm );Ceunant Isaf ,LL23 7SD,Rhyd Uchaf ,Gwynedd Wales,52.927087,-3.637794,01678 521190,07813 154379,NA,,NA,NA,NA,Bed and Breakfast,NA,NA,NA,NA,NA,NA,,NA,NA,NA,NA,NA,NA,NA,NA,NA,https://rhyd-uchaf.cylex-uk.co.uk/company/ceunant-isaf-bed---breakfast-17415669.html,"Travel & Tourism Rhyd Uchaf,Accommodation Rhyd Uchaf,Hotels Rhyd Uchaf,Travel & Tourism,Accommodation,Hotels"
Plas Coch,NA,NA,NA,NA,NA,NA,NA,52 High St ,LL23 7AB,Bala ,Gwynedd Wales,52.910715,-3.597558,01678 520309,01678 521135,0845 094 0898,www.yplascoch.com,NA,NA,NA,"Hotel, Lodgings, Pubs, Bars",NA,NA,NA,NA,"Free parking, Free WiFi, Bar",NA,Visa,https://www.facebook.com/plascoch.hotel/about/,NA,NA,NA,NA,NA,NA,NA,NA,https://bala.cylex-uk.co.uk/company/plas-coch-15673513.html,"Travel & Tourism Bala,Accommodation Bala,Travel & Tourism,Accommodation,Hotels,Travel & Tourism,Accommodation"
Glan Y Gro Bed and Breakfast,GLAN Y GRO LTD,09471560,England/Wales,NA,55900 - Other accommodation,04 Mar 2015,Private Limited Company,Glan Y Gro ,LL23 7BT,Llangower ,Gwynedd Wales,52.893007,-3.605747,01678 521009,07846 913560,NA,glan-y-gro.com,NA,NA,NA,"Accommodation, Gardens, Daily Maid Service Free, Free Free private parking is possible on site reservation is not needed ., Free WiFi is Available in all Areas and is Free of Charge, Pets Are Not Allowed",NA,NA,NA,NA,"Free parking, Free WiFi, Terrace, Garden, Pets are not allowed., See properties that allow pets, Fishing, Free! WiFi is available in all areas and is free of charge., Free! Free private parking is possible on site (reservation is not needed)., Daily maid service (Free!), Non-smoking throughout, Heating, Facilities for disabled guests",NA,Visa,"https://www.facebook.com/GlanYGro/,https://twitter.com/intent/user?screen_name=GlanYGro&original_referer=https%3a%2f%2fllangower.cylex-uk.co.uk%2fcompany%2fglan-y-gro-bed-and-breakfast-24448087.html",NA,NA,NA,NA,NA,NA,NA,NA,https://llangower.cylex-uk.co.uk/company/glan-y-gro-bed-and-breakfast-24448087.html,"Travel & Tourism Llangower,Best Accommodation Llangower,Travel & Tourism,Accommodation,Hotels,Travel & Tourism,Accommodation"
